ID,SMILES
89594,CN1CCC[C@H]1C2=CN=CC=C2
2160,CN(C)CCC=C1C2=CC=CC=C2CCC3=CC=CC=C31
1615,CC(CC1=CC2=C(C=C1)OCO2)NC
135398737,CN1CCN(CC1)C2=NC3=C(C=CC(=C3)Cl)NC4=CC=CC=C42
2391,CC(=O)OC1=CC=C(C=C1)C(C2=CC=C(C=C2)OC(=O)C)C3=CC=CC=N3
11065,CN(C)CCC=C1C2=CC=CC=C2CCC3=CC=CC=C31.Cl
68551,CN1CCN2C(C1)C3=CC=CC=C3CC4=CC=CC=C42.Cl
71285,CC(CC1=CC2=C(C=C1)OCO2)NC.Cl
2153,CN1C2=C(C(=O)N(C1=O)C)NC=N2
4680,COC1=C(C=C(C=C1)CC2=NC=CC3=CC(=C(C=C32)OC)OC)OC
3016,CN1C(=O)CN=C(C2=C1C=CC(=C2)Cl)C3=CC=CC=C3
5566,CN1CCN(CC1)CCCN2C3=CC=CC=C3SC4=C2C=C(C=C4)C(F)(F)F
5505,CCCCNC(=O)NS(=O)(=O)C1=CC=C(C=C1)C
2726,CN(C)CCCN1C2=CC=CC=C2SC3=C1C=C(C=C3)Cl
3121,CCCC(CCC)C(=O)O
2995,CNCCCN1C2=CC=CC=C2CCC3=CC=CC=C31
6305,C1=CC=C2C(=C1)C(=CN2)C[C@@H](C(=O)O)N
5429,CN1C=NC2=C1C(=O)NC(=O)N2C
3168,C1CN(CC=C1N2C3=CC=CC=C3NC2=O)CCCC(=O)C4=CC=C(C=C4)F
5770,CO[C@H]1[C@@H](C[C@@H]2CN3CCC4=C([C@H]3C[C@@H]2[C@@H]1C(=O)OC)NC5=C4C=CC(=C5)OC)OC(=O)C6=CC(=C(C(=C6)OC)OC)OC
3767,C1=CN=CC=C1C(=O)NN
448537,CC/C(=C(/CC)\C1=CC=C(C=C1)O)/C2=CC=C(C=C2)O
6234,C1[C@H](C(=O)NO1)N
4543,CNCCC=C1C2=CC=CC=C2CCC3=CC=CC=C31
1046,C1=CN=C(C=N1)C(=O)N
3503,CC1=CC2=C(C(=C(C(=C2C(C)C)O)O)C=O)C(=C1C3=C(C4=C(C=C3C)C(=C(C(=C4C=O)O)O)C(C)C)O)O
10607,COC1=CC(=CC(=C1OC)OC)[C@H]2[C@@H]3[C@H](COC3=O)[C@H](C4=CC5=C(C=C24)OCO5)O
6047,C1=CC(=C(C=C1C[C@@H](C(=O)O)N)O)O
667476,C/C=C(/C(=C/C)/C1=CC=C(C=C1)O)\C2=CC=C(C=C2)O
2997,C1C(=O)NC2=C(C=C(C=C2)Cl)C(=N1)C3=CC=CC=C3
2756,CC1=C(N=CN1)CSCCNC(=NC)NC#N
2761171,CCC1=NC=CC(=C1)C(=S)N
9651,CN1CC[C@@]23C=C[C@@H](C[C@@H]2OC4=C(C=CC(=C34)C1)OC)O
5533,C1CN(CCN1CCCN2C(=O)N3C=CC=CC3=N2)C4=CC(=CC=C4)Cl
2801,CN(C)CCCN1C2=CC=CC=C2CCC3=C1C=C(C=C3)Cl
2955,C1=CC(=CC=C1N)S(=O)(=O)C2=CC=C(C=C2)N
3488,COC1=C(C=C(C=C1)Cl)C(=O)NCCC2=CC=C(C=C2)S(=O)(=O)NC(=O)NC3CCCCC3
3182,CN1C2=C(C(=O)N(C1=O)C)N(C=N2)CC(CO)O
3001055,CN/C(=C\[N+](=O)[O-])/NCCSCC1=CC=C(O1)CN(C)C
2554,C1=CC=C2C(=C1)C=CC3=CC=CC=C3N2C(=O)N
5426,C1CC(=O)NC(=O)C1N2C(=O)C3=CC=CC=C3C2=O
4764,C1=CC=C2C(=C1)C(=O)OC2(C3=CC=C(C=C3)O)C4=CC=C(C=C4)O
2130,C1C2CC3CC1CC(C2)(C3)N
3696,CN(C)CCCN1C2=CC=CC=C2CCC3=CC=CC=C31
4649,C1=CC(=C(C=C1N)O)C(=O)O
3675,C1=CC=C(C=C1)CCNN
2950,C1=CC2=C(C(=C1)O)C(=O)C3=C(C2=O)C=CC=C3O
3779,CC(C)NCC(C1=CC(=C(C=C1)O)O)O
3042,CCN(CC)CCOC(=O)C1(CCCCC1)C2CCCCC2
5572,C1CCC(CC1)C(CCN2CCCCC2)(C3=CC=CC=C3)O
3559,C1CN(CCC1(C2=CC=C(C=C2)Cl)O)CCCC(=O)C3=CC=C(C=C3)F
4748,C1CN(CCN1CCCN2C3=CC=CC=C3SC4=C2C=C(C=C4)Cl)CCO
2727,CCCNC(=O)NS(=O)(=O)C1=CC=C(C=C1)Cl
5910,CC[C@H]1[C@H](COC1=O)CC2=CN=CN2C
14052,CC[C@@H](CO)NCCN[C@@H](CC)CO
4054,CC12CC3CC(C1)(CC(C3)(C2)N)C
1935,C1CCC2=NC3=CC=CC=C3C(=C2C1)N
2783,CC(C)(C)NCC(C1=CC(=C(C(=C1)Cl)N)Cl)O
3372,C1CN(CCN1CCCN2C3=CC=CC=C3SC4=C2C=C(C=C4)C(F)(F)F)CCO
5831,C[N+](C)(C)CCOC(=O)N.[Cl-]
4076,COC1=CC(=CC(=C1OC)OC)CCN
4934,CC(C)[N+](C)(CCOC(=O)C1C2=CC=CC=C2OC3=CC=CC=C13)C(C)C
16362,C1CN(CCC1N2C3=CC=CC=C3NC2=O)CCCC(C4=CC=C(C=C4)F)C5=CC=C(C=C5)F
2717,CN1C(S(=O)(=O)CCC1=O)C2=CC=C(C=C2)Cl
4168,CCN(CC)CCNC(=O)C1=CC(=C(C=C1OC)N)Cl
2083,CC(C)(C)NCC(C1=CC(=C(C=C1)O)CO)O
4926,CN(C)CCCN1C2=CC=CC=C2SC3=CC=CC=C31
5403,CC(C)(C)NCC(C1=CC(=CC(=C1)O)O)O
2170,C1CN(CCN1)C2=NC3=CC=CC=C3OC4=C2C=C(C=C4)Cl
5503,CC1=CC=C(C=C1)S(=O)(=O)NC(=O)NN2CCCCCC2
2477,C1CCC2(C1)CC(=O)N(C(=O)C2)CCCCN3CCN(CC3)C4=NC=CC=N4
4184,CN1CCN2C(C1)C3=CC=CC=C3CC4=CC=CC=C42
3748,CC(C)NNC(=O)C1=CC=NC=C1
47811,CCCN1C[C@@H](C[C@H]2[C@H]1CC3=CNC4=CC=CC2=C34)CSC
11333,C([C@@H]1[C@@H]([C@@H]([C@H]([C@@H](O1)O[C@@H]2[C@H](O[C@@]([C@H]2O)(CO)O)CO)O)O)O)O
5355,CCN1CCCC1CNC(=O)C2=C(C=CC(=C2)S(=O)(=O)N)OC
5452,CN1CCCCC1CCN2C3=CC=CC=C3SC4=C2C=C(C=C4)SC
3958,C1=CC=C(C(=C1)C2=NC(C(=O)NC3=C2C=C(C=C3)Cl)O)Cl
68539,CN(C)CCCN1C2=CC=CC=C2CCC3=C1C=C(C=C3)Cl.Cl
5568,CN(C)CCCN1C2=CC=CC=C2SC3=C1C=C(C=C3)C(F)(F)F
4086,CC(C)NCC(C1=CC(=CC(=C1)O)O)O
4095,CCC(=O)C(CC(C)N(C)C)(C1=CC=CC=C1)C2=CC=CC=C2
36431,C1CCC2(C1)CC(=O)N(C(=O)C2)CCCCN3CCN(CC3)C4=NC=CC=N4.Cl
65327,CNCCCN1C2=CC=CC=C2CCC3=CC=CC=C31.Cl
3661,CN1C2CCC1CC(C2)OC(=O)C(CO)C3=CC=CC=C3
8228,CN(C)CCCN1C2=CC=CC=C2CCC3=CC=CC=C31.Cl
4616,C1=CC=C(C=C1)C2=NC(C(=O)NC3=C2C=C(C=C3)Cl)O
16760703,CCCC(CCC)C(=O)[O-].[Na+]
1614,CC(CC1=CC2=C(C=C1)OCO2)N
2712,CN=C1CN(C(=C2C=C(C=CC2=N1)Cl)C3=CC=CC=C3)O
3883,CC1=C(C=CN=C1CS(=O)C2=NC3=CC=CC=C3N2)OCC(F)(F)F
941361,C1CN(CCN1C/C=C/C2=CC=CC=C2)C(C3=CC=C(C=C3)F)C4=CC=C(C=C4)F
2895,CN(C)CCC=C1C2=CC=CC=C2C=CC3=CC=CC=C31
4917,CN1CCN(CC1)CCCN2C3=CC=CC=C3SC4=C2C=C(C=C4)Cl
5584,CC(CN1C2=CC=CC=C2CCC3=CC=CC=C31)CN(C)C
66062,CN1CCCCC1CCN2C3=CC=CC=C3SC4=C2C=C(C=C4)SC.Cl
22576,CN(C)CCC=C1C2=CC=CC=C2C=CC3=CC=CC=C31.Cl
4848,CN1CCN(CC1)CC(=O)N2C3=CC=CC=C3C(=O)NC4=C2N=CC=C4
4919,C1CCC(CC1)C(CCN2CCCC2)(C3=CC=CC=C3)O
2882,C1=CC2=C(C(=C1)OCC(COC3=CC=CC4=C3C(=O)C=C(O4)C(=O)O)O)C(=O)C=C(O2)C(=O)O
5467,CCN(CC)CCNC(=O)C1=C(C=CC(=C1)S(=O)(=O)C)OC
67356,C1CN(CCN1CCCN2C3=CC=CC=C3SC4=C2C=C(C=C4)C(F)(F)F)CCO.Cl.Cl
4922,CCCN(CCC)C(=O)C(CCC(=O)O)NC(=O)C1=CC=CC=C1
62935,C1CN(CCN1CCCN2C(=O)N3C=CC=CC3=N2)C4=CC(=CC=C4)Cl.Cl
4011,CNCCCC12CCC(C3=CC=CC=C31)C4=CC=CC=C24
2366,CNCCC1=CC=CC=N1
2370,CC(C[N+](C)(C)C)OC(=O)N
4456,CN(C)C(=O)OC1=CC=CC(=C1)[N+](C)(C)C
66064,CN1CCN(CC1)CCCN2C3=CC=CC=C3SC4=C2C=C(C=C4)C(F)(F)F.Cl.Cl
3775,CC(C)[N+](C)(CCC(C1=CC=CC=C1)(C2=CC=CC=C2)C(=O)N)C(C)C
5391,CN1C2=C(C=C(C=C2)Cl)C(=NC(C1=O)O)C3=CC=CC=C3
71478,CNCCCC12CCC(C3=CC=CC=C31)C4=CC=CC=C24.Cl
3380,CN1C(=O)CN=C(C2=C1C=CC(=C2)[N+](=O)[O-])C3=CC=CC=C3F
71424,CCOC1=CC=CC=C1OCC2CNCCO2.Cl
61100,C1=CC=C(C=C1)CCNN.OS(=O)(=O)O
5666,CCOC1=CC=CC=C1OCC2CNCCO2
5606,CC(C)(C)NCC(C1=CC=CC=C1Cl)O
3678,CCN(CCCC1=CC=CC=C1)CCCC2=CC=CC=C2
2318,CC(CC1=CC(=CC=C1)C(F)(F)F)NCCOC(=O)C2=CC=CC=C2
2196,COC1=CC=C(C=C1)C(=O)N2CCCC2=O
5074,CC1=C(C(=O)N2C=CSC2=N1)CCN3CCC(=C(C4=CC=C(C=C4)F)C5=CC=C(C=C5)F)CC3
2446,CCN(CC)CCNC(=O)C1=CC(=C(C=C1OC)N)Br
3343,CC(CC1=CC=C(C=C1)O)NCC(C2=CC(=CC(=C2)O)O)O
4991,C[N+]1=CC=CC(=C1)OC(=O)N(C)C
3344,C1CN(CCC12CNC(=O)O2)CCC3=CC=CC=C3
5282318,CC(CN1C2=CC=CC=C2CCC3=CC=CC=C31)CN(C)C.C(=C\C(=O)O)\C(=O)O
4031,CCN(CCCCOC(=O)C1=CC(=C(C=C1)OC)OC)C(C)CC2=CC=C(C=C2)OC
3290,CCN(CC)C(C)CN1C2=CC=CC=C2SC3=CC=CC=C31
4839,CCN1CCCC(C1)OC(=O)C(C2=CC=CC=C2)C3=CC=CC=C3
5887,CN(C)CCCN1C2=CC=CC=C2SC3=CC=CC=C31.Cl
4199,CC1=CC(=NN=C1NCCN2CCOCC2)C3=CC=CC=C3
71203,CC[C@@]12CCCN3[C@@H]1C4=C(CC3)C5=CC=CC=C5N4C(=O)C2
91499,CN1CCN(CC1)CCCN2C3=CC=CC=C3SC4=C2C=C(C=C4)Cl.C(CS(=O)(=O)O)S(=O)(=O)O
4057,C[N+]1(CCCC(C1)OC(=O)C(C2=CC=CC=C2)(C3=CC=CC=C3)O)C
4832,CC[N+]1(CCCC(C1)OC(=O)C(C2=CC=CC=C2)(C3=CC=CC=C3)O)C
4642,CN1CCCN=C1COC(=O)C(C2CCCCC2)(C3=CC=CC=C3)O
66069,CN(C)CCCN1C2=CC=CC=C2SC3=C1C=C(C=C3)C(F)(F)F.Cl
5702214,CCN(CC)CCNC(=O)C1=C(C=CC(=C1)S(=O)(=O)C)OC.Cl
667468,CN(C)CC/C=C\1/C2=CC=CC=C2COC3=CC=CC=C31
5318386,CN1[C@@H]2CCC1CC(C2)OC(=O)[C@H](CO)C3=CC=CC=C3
5353622,C1=C(N=C(S1)N=C(N)N)CSCC/C(=N\S(=O)(=O)N)/N
227456,CC1=CC2=C(C(=C(C(=C2C(C)C)O)O)C=O)C(=C1C3=C(C4=C(C=C3C)C(=C(C(=C4C=O)O)O)C(C)C)O)O.CC(=O)O
5702073,CC(C)[N+]1([C@@H]2CCC1CC(C2)OC(=O)C(CO)C3=CC=CC=C3)C.[Br-]
5281088,CN(C)CC/C=C\1/C2=CC=CC=C2COC3=CC=CC=C31.Cl
4106,CN1CCN(CC1)C2CC3=CC=CC=C3SC4=C2C=C(C=C4)SC
5265,C1CN(CCC12C(=O)NCN2C3=CC=CC=C3)CCCC(=O)C4=CC=C(C=C4)F
14987,CN1C[C@@H](C=C2[C@H]1CC3=CNC4=CC=CC2=C34)CO
5011,C1CN(CCN1)C2=NC3=CC=CC=C3C=C2
33254,CC1=CC(=NN=C1NCCN2CCOCC2)C3=CC=CC=C3.Cl.Cl
5702242,C1CN(CCN1)C2=NC3=CC=CC=C3C=C2.C(=C\C(=O)O)\C(=O)O
5358812,CN1CCN(CC1)C2CC3=CC=CC=C3SC4=C2C=C(C=C4)SC.C(=C\C(=O)O)\C(=O)O
667466,CN(C)CC/C=C/1\C2=CC=CC=C2SC3=C1C=C(C=C3)Cl
941650,CN1CCN(CC1)CC/C=C/2\C3=CC=CC=C3SC4=C2C=C(C=C4)S(=O)(=O)N(C)C
5702066,C[N+]1([C@H]2CCC1CC(C2)OC(=O)C(C3=CC=CC=C3)O)C.[Br-]
1983,CC(=O)NC1=CC=C(C=C1)O
3957,CCOC(=O)N1CCC(=C2C3=C(CCC4=C2N=CC=C4)C=C(C=C3)Cl)CC1
3676,CCN(CC)CC(=O)NC1=C(C=CC=C1C)C
2244,CC(=O)OC1=CC=CC=C1C(=O)O
3639,C1NC2=CC(=C(C=C2S(=O)(=O)N1)S(=O)(=O)N)Cl
2537,CC1(C2CCC1(C(=O)C2)C)C
3014024,CCCCCCCCCCCCC[N+](C)(C)CC1=CC=CC=C1.[Cl-]
4781,CCCCC1C(=O)N(N(C1=O)C2=CC=CC=C2)C3=CC=CC=C3
2478,CS(=O)(=O)OCCCCOS(=O)(=O)C
71420,CN(C)C(=O)C(CCN1CCC(CC1)(C2=CC=C(C=C2)Cl)O)(C3=CC=CC=C3)C4=CC=CC=C4.Cl
2723,CC1=CC(=CC(=C1Cl)C)O
31239,CCCCCCCCCCCCCCCC[N+]1=CC=CC=C1.[Cl-]
10648,C1CC(C2=CC=CC=C2C1)C3=NCCN3.Cl
8980,CN(C)CCOC(C1=CC=CC=C1)C2=CC=CC=C2.Cl
3702,CC1CC2=CC=CC=C2N1NC(=O)C3=CC(=C(C=C3)Cl)S(=O)(=O)N
34040,CN1C[C@@H](C[C@]2([C@H]1CC3=CN(C4=CC=CC2=C34)C)OC)COC(=O)C5=CC(=CN=C5)Br
11224,CC(C1=CC=CC=C1)(C2=CC=CC=N2)OCCN(C)C.C(CC(=O)O)C(=O)O
68553,C1=CC(=C(C=C1Cl)Cl)COC(CN2C=CN=C2)C3=C(C=C(C=C3)Cl)Cl.[N+](=O)(O)[O-]
4763,CCC1(C(=O)NC(=O)NC1=O)C2=CC=CC=C2
3371,C1=CC=C(C(=C1)C(=O)O)NC2=CC=CC(=C2)C(F)(F)F
66259,CC1=CC(=C(C(=C1CC2=NCCN2)C)O)C(C)(C)C.Cl
18340,COC1=CC(=C(C=C1)OC)C(CNC(=O)CN)O.Cl
3169,C1CN(CCN1CC(CO)O)C2=CC=CC=C2
158798,C1CN=C(N1)CN(CC2=CC=CC=C2)C3=CC=CC=C3.OP(=O)(O)O
4173,CC1=NC=C(N1CCO)[N+](=O)[O-]
135398658,C1=CC(=CC=C1C(=O)N[C@@H](CCC(=O)O)C(=O)O)NCC2=CN=C3C(=N2)C(=O)NC(=N3)N
637566,CC(=CCC/C(=C/CO)/C)C
6758,CC(=C)[C@H]1CC2=C(O1)C=CC3=C2O[C@@H]4COC5=CC(=C(C=C5[C@@H]4C3=O)OC)OC
5143,C1=CC=C2C(=C1)C(=O)NS2(=O)=O
1118,OS(=O)(=O)O
439260,C1=CC(=C(C=C1[C@H](CN)O)O)O
176,CC(=O)O
3365,C1=CC(=C(C=C1F)F)C(CN2C=NC=N2)(CN3C=NC=N3)O
938,C1=CC(=CN=C1)C(=O)O
681,C1=CC(=C(C=C1CCN)O)O
896,CC(=O)NCCC1=CNC2=C1C=C(C=C2)OC
5280343,C1=CC(=C(C=C1C2=C(C(=O)C3=C(C=C(C=C3O2)O)O)O)O)O
2519,CN1C=NC2=C1C(=O)N(C(=O)N2C)C
444266,C(=C\C(=O)O)\C(=O)O
4114,COC1=C2C(=CC3=C1OC=C3)C=CC(=O)O2
1176,C(=O)(N)N
1110,C(CC(=O)O)C(=O)O
5430,C1=CC=C2C(=C1)NC(=N2)C3=CSC=N3
2345,C1=CC=C(C=C1)COC(=O)C2=CC=CC=C2
445354,CC1=C(C(CCC1)(C)C)/C=C/C(=C/C=C/C(=C/CO)/C)/C
1004,OP(=O)(O)O
1045,C(CCN)CN
5959,C1=CC(=CC=C1[C@H]([C@@H](CO)NC(=O)C(Cl)Cl)O)[N+](=O)[O-]
5333,C1=CC(=CC=C1N)S(=O)(=O)N
904,CC(=O)NC1=CC=CC=C1
5455,CN(C)C(=S)SSC(=S)N(C)C
2879,CC1=CC=C(C=C1)O
727,C1(C(C(C(C(C1Cl)Cl)Cl)Cl)Cl)Cl
3314,COC1=C(C=CC(=C1)CC=C)O
338,C1=CC=C(C(=C1)C(=O)O)O
11057,CN(C)C1=CC=C(C=C1)C(=C2C=CC(=[N+](C)C)C=C2)C3=CC=C(C=C3)N(C)C.[Cl-]
313,Cl
60606,COC(=O)[C@H](C1=CC=CC=C1Cl)N2CCC3=C(C2)C=CS3
2520,CC(C)C(CCCN(C)CCC1=CC(=C(C=C1)OC)OC)(C#N)C2=CC(=C(C=C2)OC)OC
222,N
3672,CC(C)CC1=CC=C(C=C1)C(C)C(=O)O
2662,CC1=CC=C(C=C1)C2=CC(=NN2C3=CC=C(C=C3)S(=O)(=O)N)C(F)(F)F
4485,CC1=C(C(C(=C(N1)C)C(=O)OC)C2=CC=CC=C2[N+](=O)[O-])C(=O)OC
4993,CCC1=C(C(=NC(=N1)N)N)C2=CC=C(C=C2)Cl
44093,C[C@H](CS)C(=O)N1CCC[C@H]1C(=O)O
126941,CN(CC1=CN=C2C(=N1)C(=NC(=N2)N)N)C3=CC=C(C=C3)C(=O)N[C@@H](CCC(=O)O)C(=O)O
135398513,C1=NC2=C(N1COCCO)N=C(NC2=O)N
4030,COC(=O)NC1=NC2=C(N1)C=C(C=C2)C(=O)C3=CC=CC=C3
135401907,C1=NNC2=C1C(=O)NC=N2
2249,CC(C)NCC(COC1=CC=C(C=C1)CC(=O)N)O
3955,CN(C)C(=O)C(CCN1CCC(CC1)(C2=CC=C(C=C2)Cl)O)(C3=CC=CC=C3)C4=CC=CC=C4
3385,C1=C(C(=O)NC(=O)N1)F
53232,CC[C@H](C)C(=O)O[C@H]1C[C@H](C=C2[C@H]1[C@H]([C@H](C=C2)C)CC[C@@H]3C[C@H](CC(=O)O3)O)C
774,C1=C(NC=N1)CCN
1349907,CN1C=CNC1=S
6167,CC(=O)N[C@H]1CCC2=CC(=C(C(=C2C3=CC=C(C(=O)C=C13)OC)OC)OC)OC
311,C(C(=O)O)C(CC(=O)O)(C(=O)O)O
4477,C1=CC(=C(C=C1[N+](=O)[O-])Cl)NC(=O)C2=C(C=CC(=C2)Cl)O
9444,C1=NC(=NC(=O)N1[C@H]2[C@@H]([C@@H]([C@H](O2)CO)O)O)N
2145,CCC1(CCC(=O)NC1=O)C2=CC=C(C=C2)N
4211,C1=CC=C(C(=C1)C(C2=CC=C(C=C2)Cl)C(Cl)Cl)Cl
3100,CN(C)CCOC(C1=CC=CC=C1)C2=CC=CC=C2
6249,CC1([C@@H](N2[C@H](S1)[C@@H](C2=O)NC(=O)[C@@H](C3=CC=CC=C3)N)C(=O)O)C
35370,CC1=CN(C(=O)NC1=O)[C@H]2C[C@@H]([C@H](O2)CO)N=[N+]=[N-]
3033,C1=CC=C(C(=C1)CC(=O)O)NC2=C(C=CC=C2Cl)Cl
444795,CC1=C(C(CCC1)(C)C)/C=C/C(=C/C=C/C(=C/C(=O)O)/C)/C
3278,CCC(=C)C(=O)C1=C(C(=C(C=C1)OCC(=O)O)Cl)Cl
5280443,C1=CC(=CC=C1C2=CC(=O)C3=C(C=C(C=C3O2)O)O)O
2082,CCCSC1=CC2=C(C=C1)N=C(N2)NC(=O)OC
4539,CCN1C=C(C(=O)C2=CC(=C(C=C21)N3CCNCC3)F)C(=O)O
5610,C1=CC(=CC=C1CCN)O
4421,CCN1C=C(C(=O)C2=C1N=C(C=C2)C)C(=O)O
2733526,CC/C(=C(\C1=CC=CC=C1)/C2=CC=C(C=C2)OCCN(C)C)/C3=CC=CC=C3
12560,CC[C@@H]1[C@@]([C@@H]([C@H](C(=O)[C@@H](C[C@@]([C@@H]([C@H]([C@@H]([C@H](C(=O)O1)C)O[C@H]2C[C@@]([C@H]([C@@H](O2)C)O)(C)OC)C)O[C@H]3[C@@H]([C@H](C[C@H](O3)C)N(C)C)O)(C)O)C)C)O)(C)O
1102,C(CCNCCCN)CN
441140,C[C@@H]1CC(=O)C=C([C@]12C(=O)C3=C(O2)C(=C(C=C3OC)OC)Cl)OC
54678486,CC(=O)CC(C1=CC=CC=C1)C2=C(C3=CC=CC=C3OC2=O)O
700,C(CO)N
4696,C1C=C2C(=CC(=O)O2)C(O1)O
12035,CC(=O)N[C@@H](CS)C(=O)O
5280805,C[C@H]1[C@@H]([C@H]([C@H]([C@@H](O1)OC[C@@H]2[C@H]([C@@H]([C@H]([C@@H](O2)OC3=C(OC4=CC(=CC(=C4C3=O)O)O)C5=CC(=C(C=C5)O)O)O)O)O)O)O)O
38853,C[C@](CC1=CC(=C(C=C1)O)O)(C(=O)O)N
6041,CNC[C@@H](C1=CC(=CC=C1)O)O
54675769,CC1=C(C=CC2=C1OC(=O)C(=C2O)NC(=O)C3=CC(=C(C=C3)O)CC=C(C)C)O[C@H]4[C@@H]([C@@H]([C@H](C(O4)(C)C)OC)OC(=O)N)O
944,[N+](=O)(O)[O-]
4046,C1CCNC(C1)C(C2=CC(=NC3=C2C=CC=C3C(F)(F)F)C(F)(F)F)O
3715,CC1=C(C2=C(N1C(=O)C3=CC=C(C=C3)Cl)C=CC(=C2)OC)CC(=O)O
4583,CC1COC2=C3N1C=C(C(=O)C3=CC(=C2N4CCN(CC4)C)F)C(=O)O
2266,C(CCCC(=O)O)CCCC(=O)O
4911,CCCN(CCC)S(=O)(=O)C1=CC=C(C=C1)C(=O)O
5329,CC1=CC(=NO1)NS(=O)(=O)C2=CC=C(C=C2)N
1727,C1=CN=CC=C1N
2796,CCOC(=O)C(C)(C)OC1=CC=C(C=C1)Cl
1548943,CC(C)/C=C/CCCCC(=O)NCC1=CC(=C(C=C1)O)OC
2719,CCN(CC)CCCC(C)NC1=C2C=CC(=CC2=NC=C1)Cl
667490,C1=NC2=C(N1)C(=S)N=CN2
441074,COC1=CC2=C(C=CN=C2C=C1)[C@@H]([C@H]3C[C@@H]4CCN3C[C@@H]4C=C)O
4735,C1=CC(=CC=C1C(=N)N)OCCCCCOC2=CC=C(C=C2)C(=N)N
5388962,CCOC(=O)[C@H](CCC1=CC=CC=C1)N[C@@H](C)C(=O)N2CCC[C@H]2C(=O)O
5983,C[C@@]12CCN([C@@H]1N(C3=C2C=C(C=C3)OC(=O)NC)C)C
6049,C(CN(CC(=O)O)CC(=O)O)N(CC(=O)O)CC(=O)O
5054,C1=CC(=CC(=C1)O)O
2764,C1CC1N2C=C(C(=O)C3=CC(=C(C=C32)N4CCNCC4)F)C(=O)O
3374,CC1CCC2=C3N1C=C(C(=O)C3=CC(=C2)F)C(=O)O
1066,C1=CC(=C(N=C1)C(=O)O)C(=O)O
5641,CCOC(=O)N
4632,COC1=CC(=C(C=C1)C(=O)C2=CC=CC=C2)O
5280489,CC1=C(C(CCC1)(C)C)/C=C/C(=C/C=C/C(=C/C=C/C=C(/C=C/C=C(/C=C/C2=C(CCCC2(C)C)C)\C)\C)/C)/C
460612,C1=CC(=CC=C1C[C@@H](C(=O)O)N)N(CCCl)CCCl
21704,C1=NC(=C2C(=N1)N(C=N2)[C@H]3[C@H]([C@@H]([C@H](O3)CO)O)O)N
4101,C1N2CN3CN1CN(C2)C3
2148,C1=CC(=CC=C1C(=O)NCC(=O)O)N
6032,C1[C@H]([C@@H]([C@H]([C@@H]([C@H]1N)O[C@@H]2[C@@H]([C@H]([C@@H]([C@H](O2)CN)O)O)O)O)O[C@@H]3[C@@H]([C@H]([C@@H]([C@H](O3)CO)O)N)O)N
4284,CCN(CC)C(=O)C1=CC=CC(=C1)C
5904,CC1([C@@H](N2[C@H](S1)[C@@H](C2=O)NC(=O)CC3=CC=CC=C3)C(=O)O)C
5281,CCCCCCCCCCCCCCCCCC(=O)O
5147,C1=CC=C(C(=C1)C(=O)N)O
5541,CC(=O)OCC(COC(=O)C)OC(=O)C
3830,C1=COC(=C1)CNC2=NC=NC3=C2NC=N3
2355,COC1=C2C=CC(=O)OC2=CC3=C1C=CO3
5585,CC1=CC(=O)OC2=C1C=C3C=C(OC3=C2C)C
3293,CCOC1=CC2=C(C=C1)NC(C=C2C)(C)C
2513,C[As](=O)(C)O
54676038,C1=CC=C2C(=C1)C(=C(C(=O)O2)CC3=C(C4=CC=CC=C4OC3=O)O)O
3037,C1=CC(=C(C=C1Cl)CC2=C(C=CC(=C2)Cl)O)O
1732,CC1=C(C=CC(=C1)O)Cl
6098,CC1=C(C(=NO1)C2=CC=CC=C2Cl)C(=O)N[C@H]3[C@@H]4N(C3=O)[C@H](C(S4)(C)C)C(=O)O
854019,CN1[C@@H](CCC1=O)C2=CN=CC=C2
4753,C1=CC=C(C=C1)CC(=O)NC(=O)N
5327,CC1=CC(=NC(=N1)NS(=O)(=O)C2=CC=C(C=C2)N)C
638024,C1CCN(CC1)C(=O)/C=C/C=C/C2=CC3=C(C=C2)OCO3
444972,C(=C/C(=O)O)\C(=O)O
4055,CC1=CC(=O)C2=CC=CC=C2C1=O
1923,C1=CC2=C(C(=C1)O)N=CC=C2
8478,CC(C)(C)CC(C)(C)C1=CC=C(C=C1)OCCOCC[N+](C)(C)CC2=CC=CC=C2.[Cl-]
978,C1=CC(=CC=C1C(=O)O)N
6209,C[N+](C)(C)CCO.[Cl-]
16666,C[C@@H]1CC[C@H]([C@@H](C1)O)C(C)C
204,C1(C(=O)NC(=O)N1)NC(=O)N
4828,CC(C)NCC(COC1=CC=CC2=C1C=CN2)O
3657,C(=O)(N)NO
37542,C1=NC(=NN1[C@H]2[C@@H]([C@@H]([C@H](O2)CO)O)O)C(=O)N
3291,CCC1(CC(=O)NC1=O)C
4891,C1CCC(CC1)C(=O)N2CC3C4=CC=CC=C4CCN3C(=O)C2
2265,CN1C=NC(=C1SC2=NC=NC3=C2NC=N3)[N+](=O)[O-]
4837,C1CNCCN1
1986,CC(=O)NC1=NN=C(S1)S(=O)(=O)N
2812,C1=CC=C(C=C1)C(C2=CC=CC=C2)(C3=CC=CC=C3Cl)N4C=CN=C4
3825,CC(C1=CC(=CC=C1)C(=O)C2=CC=CC=C2)C(=O)O
2708,C1=CC(=CC=C1CCCC(=O)O)N(CCCl)CCCl
2720,C1=C2C(=CC(=C1Cl)S(=O)(=O)N)S(=O)(=O)N=CN2
3108,C1CCN(CC1)C2=NC(=NC3=C2N=C(N=C3N4CCCCC4)N(CCO)CCO)N(CCO)CCO
3440,C1=COC(=C1)CNC2=CC(=C(C=C2C(=O)O)S(=O)(=O)N)Cl
5405,CC(C)(C)C1=CC=C(C=C1)C(CCCN2CCC(CC2)C(C3=CC=CC=C3)(C4=CC=CC=C4)O)O
1775,C1=CC=C(C=C1)C2(C(=O)NC(=O)N2)C3=CC=CC=C3
4212,C1=CC(=C2C(=C1NCCNCCO)C(=O)C3=C(C=CC(=C3C2=O)O)O)NCCNCCO
2907,C1CNP(=O)(OC1)N(CCCl)CCCl
4893,COC1=C(C=C2C(=C1)C(=NC(=N2)N3CCN(CC3)C(=O)C4=CC=CO4)N)OC
2803,C1CN=C(N1)NC2=C(C=CC=C2Cl)Cl
2723601,C1=NC2=C(N1)C(=S)N=C(N2)N
3637,C1=CC=C2C(=C1)C=NN=C2NN
4932,CCCNCC(COC1=CC=CC=C1C(=O)CCC2=CC=CC=C2)O
5775,CC1=CC=C(C=C1)N(CC2=NCCN2)C3=CC(=CC=C3)O
3339,CC(C)OC(=O)C(C)(C)OC1=CC=C(C=C1)C(=O)C2=CC=C(C=C2)Cl
5578,COC1=CC(=CC(=C1OC)OC)CC2=CN=C(N=C2N)N
5340,C1=CC(=CC=C1N)S(=O)(=O)NC2=NC=CS2
971,C(=O)(C(=O)O)O
5546,C1=CC=C(C=C1)C2=NC3=C(N=C(N=C3N=C2N)N)N
2123,CN(C)C1=NC(=NC(=N1)N(C)C)N(C)C
3516,COC1=CC=CC=C1OCC(CO)O
2576,CCCC(C)(COC(=O)N)COC(=O)NC(C)C
447043,CC[C@@H]1[C@@]([C@@H]([C@H](N(C[C@@H](C[C@@]([C@@H]([C@H]([C@@H]([C@H](C(=O)O1)C)O[C@H]2C[C@@]([C@H]([C@@H](O2)C)O)(C)OC)C)O[C@H]3[C@@H]([C@H](C[C@H](O3)C)N(C)C)O)(C)O)C)C)C)O)(C)O
3598,C1=C(C(=C(C(=C1Cl)Cl)CC2=C(C(=CC(=C2Cl)Cl)Cl)O)O)Cl
3845,C1=CC=C2C(=C1)C(=O)C=C(N2)C(=O)O
4171,CC(C)NCC(COC1=CC=C(C=C1)CCOC)O
4474,CC1=C(C(C(=C(N1)C)C(=O)OCCN(C)CC2=CC=CC=C2)C3=CC(=CC=C3)[N+](=O)[O-])C(=O)OC
564,C(CCC(=O)O)CCN
4927,CC(CN1C2=CC=CC=C2SC3=CC=CC=C31)N(C)C
442428,C[C@H]1[C@@H]([C@H]([C@H]([C@@H](O1)O[C@@H]2[C@H]([C@@H]([C@H](O[C@H]2OC3=CC(=C4C(=O)C[C@H](OC4=C3)C5=CC=C(C=C5)O)O)CO)O)O)O)O)O
5342,C1=CC=C(C=C1)N2C(=O)C(C(=O)N2C3=CC=CC=C3)CCS(=O)C4=CC=CC=C4
39147,CC(C)(C)NCC(COC1=CC=CC2=C1C[C@@H]([C@@H](C2)O)O)O
4946,CC(C)NCC(COC1=CC=CC2=CC=CC=C21)O
26879,C1CSC2=N[C@H](CN21)C3=CC=CC=C3
4636,CC1=CC(=C(C(=C1CC2=NCCN2)C)O)C(C)(C)C
15541,C[C@@H]1CC(=O)[C@]2([C@@H](O1)O[C@@H]3[C@H]([C@@H]([C@@H]([C@@H]([C@H]3O2)NC)O)NC)O)O
6503,C(C(CO)(CO)N)O
439246,C1[C@H](OC2=CC(=CC(=C2C1=O)O)O)C3=CC=C(C=C3)O
2725,CN(C)CCC(C1=CC=C(C=C1)Cl)C2=CC=CC=N2
3463,CC1=CC(=C(C=C1)C)OCCCC(C)(C)C(=O)O
4909,CCC1(C(=O)NCNC1=O)C2=CC=CC=C2
4628,CCN1C=C(C(=O)C2=CC3=C(C=C21)OCO3)C(=O)O
446541,CC1=C2COC(=O)C2=C(C(=C1OC)C/C=C(\C)/CCC(=O)O)O
2733,C1=CC2=C(C=C1Cl)NC(=O)O2
5344,CC1=C(ON=C1C)NS(=O)(=O)C2=CC=C(C=C2)N
4107,COC1=CC=CC=C1OCC(COC(=O)N)O
2732,C1=CC=C2C(=C1)C(=O)NC2(C3=CC(=C(C=C3)Cl)S(=O)(=O)N)O
4189,C1=CC(=C(C=C1Cl)Cl)COC(CN2C=CN=C2)C3=C(C=C(C=C3)Cl)Cl
657298,CCCC1=CC(=O)NC(=S)N1
445643,C[C@@H]1C[C@@H]([C@@H]2[C@H](C[C@H]([C@@](O2)(C(=O)C(=O)N3CCCC[C@H]3C(=O)O[C@@H]([C@@H]([C@H](CC(=O)[C@@H](/C=C(/C1)\C)CC=C)O)C)/C(=C/[C@@H]4CC[C@H]([C@@H](C4)OC)O)/C)O)C)OC)OC
3520,C(=N)(N)N
5018304,C1=CC=C(C(=C1)CC(=O)[O-])NC2=C(C=CC=C2Cl)Cl.[Na+]
3647,C1NC2=C(C=C(C(=C2)C(F)(F)F)S(=O)(=O)N)S(=O)(=O)N1
441307,CCCC(=O)NC1=CC(=C(C=C1)OCC(CNC(C)C)O)C(=O)C.Cl
2315,C1=CC=C(C=C1)CC2NC3=C(C=C(C(=C3)C(F)(F)F)S(=O)(=O)N)S(=O)(=O)N2
18381,CC1=C(C(=NO1)C2=C(C=CC=C2Cl)Cl)C(=O)N[C@H]3[C@@H]4N(C3=O)[C@H](C(S4)(C)C)C(=O)O
5282443,CC1=CC=C(C=C1)/C(=C\CN2CCCC2)/C3=CC=CC=N3
305,C[N+](C)(C)CCO
23994,[Zn]
864,C1CSSC1CCCCC(=O)O
4033,CN(CCCl)CCCl
135403648,C1C(N(C2=C(N1)N=C(NC2=O)N)C=O)CNC3=CC=C(C=C3)C(=O)N[C@@H](CCC(=O)O)C(=O)O
10531,C[C@@]1(C(=O)N2[C@H](C(=O)N3CCC[C@H]3[C@@]2(O1)O)CC4=CC=CC=C4)NC(=O)[C@@H]5C[C@H]6[C@@H](CC7=CNC8=CC=CC6=C78)N(C5)C
4992,CN(C)CCN(CC1=CC=C(C=C1)OC)C2=CC=CC=N2
8226,CC[C@@H](CO)NC(=O)[C@H]1CN([C@@H]2CC3=CNC4=CC=CC(=C34)C2=C1)C
7028,C[C@@H]([C@H](C1=CC=CC=C1)O)NC
5281708,C1=CC(=CC=C1C2=COC3=C(C2=O)C=CC(=C3)O)O
2284,C1=CC(=CC=C1C(CC(=O)O)CN)Cl
4044,CC1=C(C(=CC=C1)NC2=CC=CC=C2C(=O)O)C
5328,CC1=NN=C(S1)NS(=O)(=O)C2=CC=C(C=C2)N
2206,CC1=CC(=O)N(N1C)C2=CC=CC=C2
5320,CC(=O)NS(=O)(=O)C1=CC=C(C=C1)N
72281,COC1=C(C=C(C=C1)[C@@H]2CC(=O)C3=C(C=C(C=C3O2)O)O)O
5362119,C1C[C@H](N(C1)C(=O)[C@H](CCCCN)N[C@@H](CCC2=CC=CC=C2)C(=O)O)C(=O)O
33255,CC1=NN=C(S1)SCC2=C(N3[C@@H]([C@@H](C3=O)NC(=O)CN4C=NN=N4)SC2)C(=O)O
156391,C[C@@H](C1=CC2=C(C=C1)C=C(C=C2)OC)C(=O)O
4687,CN1C=NC2=C1C(=O)N(C(=O)N2)C
62882,CC(C)NCC(COC1=CC=CC2=CC=CC=C21)O.Cl
7550,C[N+]1=CC=CC(=C1)OC(=O)N(C)C.[Br-]
4581,C1=CC(=CC=C1C(CN)O)O
2562,CCN(CC)CCOCCOC(=O)C1(CCCC1)C2=CC=CC=C2
237,CCN(CC)CCCC(C)NC1=C2C=C(C=CC2=NC3=C1C=CC(=C3)Cl)OC
4908,CC(CCCN)NC1=C2C(=CC(=C1)OC)C=CC=N2
119,C(CC(=O)O)CN
4567,CC(CCC1=CC=CC=C1)NC(C)C(C2=CC=C(C=C2)O)O
29327,CN(C(=O)N[C@@H]1[C@H]([C@@H]([C@H](O[C@@H]1O)CO)O)O)N=O
4021,CC1=NN(C(=O)C1)C2=CC=CC=C2
3334,COC(=O)NC1=NC2=C(N1)C=C(C=C2)SC3=CC=CC=C3
2247,COC1=CC=C(C=C1)CCN2CCC(CC2)NC3=NC4=CC=CC=C4N3CC5=CC=C(C=C5)F
2337,CCOC(=O)C1=CC=C(C=C1)N
2406,C1=C(C=C(C(=C1SC2=C(C(=CC(=C2)Cl)Cl)O)O)Cl)Cl
4914,CCN(CC)CCOC(=O)C1=CC=C(C=C1)N
3515,CC1=C2C=CC(=C2C=C(C=C1)C(C)C)C
4059,CC1=CC=CC=C1OCC(CO)O
4641,CCCCC1C(=O)N(N(C1=O)C2=CC=C(C=C2)O)C3=CC=CC=C3
4842,C1CN(CCN1C(=O)CCBr)C(=O)CCBr
2758,CC1(C2CCC(O1)(CC2)C)C
2119,CC(C)NCC(COC1=CC=CC=C1CC=C)O
2365,C1COC1=O
6883,C1[C@H]([C@@H]2[C@H](O1)[C@H](CO2)O[N+](=O)[O-])O[N+](=O)[O-]
41114,CC1=C(C(C(=C(N1)C)C(=O)OCCN(C)CC2=CC=CC=C2)C3=CC(=CC=C3)[N+](=O)[O-])C(=O)OC.Cl
5574,CC(CN1C2=CC=CC=C2SC3=CC=CC=C31)CN(C)C
2442,CN(CC1=C(C(=CC(=C1)Br)Br)N)C2CCCCC2
5280531,CCCCCCCCCCCCCCCC(=O)OC/C=C(\C)/C=C/C=C(\C)/C=C/C1=C(CCCC1(C)C)C
2116,CC1=C(C2=C(CCC(O2)(C)CCCC(C)CCCC(C)CCCC(C)C)C(=C1O)C)C
5526,C1CC(CCC1CN)C(=O)O
54675776,C[C@@]1([C@H]2C[C@H]3[C@@H](C(=O)C(=C([C@]3(C(=O)C2=C(C4=C1C=CC=C4O)O)O)O)C(=O)N)N(C)C)O
1269845,C1=CNC(=S)NC1=O
6197,C[C@H]1C[C@@H](C(=O)[C@@H](C1)[C@@H](CC2CC(=O)NC(=O)C2)O)C
6604200,C1C(=O)NC(=O)N1/N=C/C2=CC=C(O2)[N+](=O)[O-]
68546,COC1=C(C=C2C(=C1)C(=NC(=N2)N3CCN(CC3)C(=O)C4=CC=CO4)N)OC.Cl
1570,C1=CC(=S)N(C=C1)O
64927,CCN(CC)CCCC(C)NC1=C2C=CC(=CC2=NC=C1)Cl.OP(=O)(O)O.OP(=O)(O)O
3007,CC(CC1=CC=CC=C1)N
4754,CCOC1=CC=C(C=C1)NC(=O)C
124886,C(CC(=O)N[C@@H](CS)C(=O)NCC(=O)O)[C@@H](C(=O)O)N
9415,C[C@H]1C(=O)O[C@@H]2CCN3[C@@H]2C(=CC3)COC(=O)[C@]([C@]1(C)O)(C)O
2802,C1C(=O)NC2=C(C=C(C=C2)[N+](=O)[O-])C(=N1)C3=CC=CC=C3Cl
11079,C1CN=C(N1)CC2=CC=CC3=CC=CC=C32.Cl
638034,CC1=C(C(CCC1)(C)C)/C=C/C(=C/C=C/C(=C/COC(=O)C)/C)/C
4684,C1=CC(=CC=C1O)Cl
5447130,C1=C(OC(=C1)[N+](=O)[O-])/C=N/NC(=O)N
5323714,C1COC(=O)N1/N=C/C2=CC=C(O2)[N+](=O)[O-]
3469,C1=CC(=C(C=C1O)C(=O)O)O
10690,C([C@H]([C@H]([C@@H]([C@H](C(=O)O)O)O)O)O)O
4409,CC(=O)CCC1=CC2=C(C=C1)C=C(C=C2)OC
3869,CC(CCC1=CC=CC=C1)NCC(C2=CC(=C(C=C2)O)C(=O)N)O
4913,CCN(CC)CCNC(=O)C1=CC=C(C=C1)N
3518,C1CCCN(CCC1)CCN=C(N)N
260,Br
3899,CC1=C(C=NO1)C(=O)NC2=CC=C(C=C2)C(F)(F)F
3397,CC(C)C(=O)NC1=CC(=C(C=C1)[N+](=O)[O-])C(F)(F)F
1990,CC(=O)NO
4740,CC(=O)CCCCN1C(=O)C2=C(N=CN2C)N(C1=O)C
2157,CCCCC1=C(C2=CC=CC=C2O1)C(=O)C3=CC(=C(C(=C3)I)OCCN(CC)CC)I
2973,CC(=O)N(CCCCCNC(=O)CCC(=O)N(CCCCCNC(=O)CCC(=O)N(CCCCCN)O)O)O
4528,CN1CC(C2=C(C1)C(=CC=C2)N)C3=CC=CC=C3
4601,CC1=CC=CC=C1C(C2=CC=CC=C2)OCCN(C)C
24841,I
3394,CC(C1=CC(=C(C=C1)C2=CC=CC=C2)F)C(=O)O
5593,CCN(CC1=CC=NC=C1)C(=O)C(CO)C2=CC=CC=C2
4622,CCCOC1=CC2=C(C=C1)N=C(N2)NC(=O)OC
3114,CC(C)N(CCC(C1=CC=CC=C1)(C2=CC=CC=N2)C(=O)N)C(C)C
4170,CC1NC2=CC(=C(C=C2C(=O)N1C3=CC=CC=C3C)S(=O)(=O)N)Cl
1548887,CC\1=C(C2=C(/C1=C\C3=CC=C(C=C3)S(=O)C)C=CC(=C2)F)CC(=O)O
3198,C1=CC(=CC=C1COC(CN2C=CN=C2)C3=C(C=C(C=C3)Cl)Cl)Cl
3658,C1CN(CCN1CCOCCO)C(C2=CC=CC=C2)C3=CC=C(C=C3)Cl
4060,CCC1(C(=O)N(C(=O)N1)C)C2=CC=CC=C2
9552079,C1=CC(=CC=C1N/C(=N/C(=NCCCCCCN=C(/N=C(/NC2=CC=C(C=C2)Cl)\N)N)N)/N)Cl
5577,CN(C)CCOC1=CC=C(C=C1)CNC(=O)C2=CC(=C(C(=C2)OC)OC)OC
4768,CC(COC1=CC=CC=C1)N(CCCl)CC2=CC=CC=C2
6014,CC(CN1C2=CC=CC=C2SC3=CC=CC=C31)N(C)C.Cl
9064,C1[C@@H]([C@H](OC2=CC(=CC(=C21)O)O)C3=CC(=C(C=C3)O)O)O
3415,C(=O)(O)P(=O)(O)O
5282409,CN(C)CCOC(C1=CC=C(C=C1)Cl)C2=CC=CC=N2.C(=C\C(=O)O)\C(=O)O
6101,CC1=CC=C(C=C1)S(=O)(=O)O
3308,CCC1=C2C(=CC=C1)C3=C(N2)C(OCC3)(CC)CC(=O)O
3229,CCN1C=C(C(=O)C2=CC(=C(N=C21)N3CCNCC3)F)C(=O)O
54677971,CN1C(=C(C2=C(S1(=O)=O)C=CS2)O)C(=O)NC3=CC=CC=N3
2578,C(CCl)NC(=O)N(CCCl)N=O
3718,CC(C1=CC=C(C=C1)N2CC3=CC=CC=C3C2=O)C(=O)O
2353,COC1=C(C2=C[N+]3=C(C=C2C=C1)C4=CC5=C(C=C4CC3)OCO5)OC
3827,CN1CCC(=C2C3=C(C(=O)CC4=CC=CC=C42)SC=C3)CC1
6914273,C1C(=O)NC(=O)N1/N=C/C2=CC=C(O2)C3=CC=C(C=C3)[N+](=O)[O-]
21467,CC1=C(C(=CC=C1)C)OCC(C)N.Cl
71412,CC(CCC1=CC=CC=C1)NCC(C2=CC(=C(C=C2)O)C(=O)N)O.Cl
3162,CC(C1=CC=CC=C1)(C2=CC=CC=N2)OCCN(C)C
5587,CN(C)CCN(CC1=CC=CC=C1)C2=CC=CC=N2
22420,C1CNP(=O)(OC1)N(CCCl)CCCl.O
84003,C1CN2C(=CC=C2C(=O)C3=CC=CC=C3)C1C(=O)O.C(C(CO)(CO)N)O
54671203,C[C@@H]1[C@H]2[C@@H]([C@H]3[C@@H](C(=O)C(=C([C@]3(C(=O)C2=C(C4=C1C=CC=C4O)O)O)O)C(=O)N)N(C)C)O
4737,CCCC(C)C1(C(=O)NC(=O)NC1=O)CC
1645,C1=CC(=CC(=C1)N)C(=O)N
5215,C1=CN=C(N=C1)NS(=O)(=O)C2=CC=C(C=C2)N
4912,CC(C)(C)C1=CC(=CC(=C1O)C(C)(C)C)SC(C)(C)SC2=CC(=C(C(=C2)C(C)(C)C)O)C(C)(C)C
2471,CCCCNC1=C(C(=CC(=C1)C(=O)O)S(=O)(=O)N)OC2=CC=CC=C2
4843,C1CC(=O)N(C1)CC(=O)N
5336,C1=CC=NC(=C1)NS(=O)(=O)C2=CC=C(C=C2)N
24360,CC[C@@]1(C2=C(COC1=O)C(=O)N3CC4=CC5=CC=CC=C5N=C4C3=C2)O
5326,COC1=CN=C(N=C1)NS(=O)(=O)C2=CC=C(C=C2)N
5707,CC1=C(C(=CC=C1)C)NC2=NCCCS2
5560,C1=C2C(=CC(=C1Cl)S(=O)(=O)N)S(=O)(=O)NC(N2)C(Cl)Cl
4760,C1=CC=C(C=C1)C2C(=O)C3=CC=CC=C3C2=O
5453,C1CN1P(=S)(N2CC2)N3CC3
11548,CC(C[N+](C)(C)C)OC(=O)N.[Cl-]
5509,CC1=CC=C(C=C1)C(=O)C2=CC=C(N2C)CC(=O)O
65340,C1=CC(=C(C=C1CCN)O)O.Cl
4688,CN(CC#C)CC1=CC=CC=C1
6869,CC1([C@@H](N2[C@H](S1)[C@@H](C2=O)NC(=O)COC3=CC=CC=C3)C(=O)O)C
2200,C1CN=C(N1)CN(CC2=CC=CC=C2)C3=CC=CC=C3
6024,CC(=O)OCC1=C(N2[C@@H]([C@@H](C2=O)NC(=O)CC3=CC=CS3)SC1)C(=O)O
10660,CN1C2=C(C(=O)N(C1=O)C)NC(=N2)Cl.CN(C)CCOC(C1=CC=CC=C1)C2=CC=CC=C2
26987,C[C@@](C1=CC=CC=C1)(C2=CC=C(C=C2)Cl)OCC[C@H]3CCCN3C
3080,C(C(CS)S)O
36708,CCCNCC(COC1=CC=CC=C1C(=O)CCC2=CC=CC=C2)O.Cl
4098,CN(C)CCN(CC1=CC=CS1)C2=CC=CC=N2
5709,CC1=CC(=CC(=C1CC2=NCCN2)C)C(C)(C)C
6172,CC[N+](CC)(CC)CCOC1=C(C(=CC=C1)OCC[N+](CC)(CC)CC)OCC[N+](CC)(CC)CC.[I-].[I-].[I-]
23667300,CO[C@@]1([C@@H]2N(C1=O)C(=C(CS2)COC(=O)N)C(=O)[O-])NC(=O)CC3=CC=CS3.[Na+]
5284441,CC(COC1=CC=CC=C1)N(CCCl)CC2=CC=CC=C2.Cl
5419,C1CC(C2=CC=CC=C2C1)C3=NCCN3
439202,C(CON=C(N)N)[C@@H](C(=O)O)N
51082,C1=CC(=C2C(=C1NCCNCCO)C(=O)C3=C(C=CC(=C3C2=O)O)O)NCCNCCO.Cl.Cl
5561,C(CCl)N(CCCl)CCCl
598,C(CS(=O)(=O)O)S
5510,CC1=CC(=CC=C1)N(C)C(=S)OC2=CC3=CC=CC=C3C=C2
3840,C1=C(OC=C(C1=O)O)CO
27200,CS(=O)(=O)C1=CC=C(C=C1)[C@H]([C@@H](CO)NC(=O)C(Cl)Cl)O
23662354,C(CS(=O)(=O)[O-])S.[Na+]
667493,CC1=CC(=O)NC(=S)N1
3025,CCCCOC1=NC2=CC=CC=C2C(=C1)C(=O)NCCN(CC)CC
3728,C1=CC2=C(C(=C(C=C2I)I)O)N=C1
2710,CN1CCN(CC1)C(C2=CC=CC=C2)C3=CC=C(C=C3)Cl
64150,C1C2CC3CC1CC(C2)(C3)N.Cl
20179,C1CN=C(N1)NC2=C(C=CC=C2Cl)Cl.Cl
66068,CCN(CC)CCNC(=O)C1=CC=C(C=C1)N.Cl
6084,COC1=C(C=C(C=C1)CC2=NC=CC3=CC(=C(C=C32)OC)OC)OC.Cl
441344,CCN(CC)CCOC(=O)C1(CCCCC1)C2CCCCC2.Cl
9351,C1=CC=C2C(=C1)C=NN=C2NN.Cl
16682730,CC(=O)O[Hg]C1=CC=CC=C1
4038,CC1=C(C(=C(C=C1)Cl)NC2=CC=CC=C2C(=O)[O-])Cl.[Na+]
3677,CC(C)(CC1=CC=CC=C1)NC
54675779,C[C@@]1([C@H]2[C@@H]([C@H]3[C@@H](C(=O)C(=C([C@]3(C(=O)C2=C(C4=C1C=CC=C4O)O)O)O)C(=O)N)N(C)C)O)O
5323,COC1=NC(=NC(=C1)NS(=O)(=O)C2=CC=C(C=C2)N)OC
4831,CCN1C=C(C(=O)C2=CN=C(N=C21)N3CCNCC3)C(=O)O
3607,CCCCC(CC)CN1CC(CN(C1)CC(CC)CCCC)(C)N
65495,C1=CC(=CC=C1CSC(CN2C=CN=C2)C3=C(C=C(C=C3)Cl)Cl)Cl.[N+](=O)(O)[O-]
5282408,CN1CCC(=C2C3=C(C(=O)CC4=CC=CC=C42)SC=C3)CC1.C(=C/C(=O)O)\C(=O)O
6060,CC(=O)OCC[N+](C)(C)C.[Cl-]
5353788,CCO/C(=N/C1=C[N+](=NO1)N2CCOCC2)/[O-]
9279,CC(C)[N+](C)(CCOC(=O)C1C2=CC=CC=C2OC3=CC=CC=C13)C(C)C.[Br-]
5795,CCN(CC)CCOC(=O)C1=CC=C(C=C1)N.Cl
3735,CCC(CC1=C(C(=C(C=C1I)I)N)I)C(=O)O
3821,CNC1(CCCCC1=O)C2=CC=CC=C2Cl
30699,CC(=O)OCC1=C(N2[C@@H]([C@@H](C2=O)NC(=O)CSC3=CC=NC=C3)SC1)C(=O)O
5284451,CN(C)CCN(CC1=CC=C(C=C1)OC)C2=CC=CC=N2.C(=C\C(=O)O)\C(=O)O
2031,CCN(CC)CCOC(=O)C(C1=CC=CC=C1)C2=CC=CC=C2
6133,C1=CN(C(=O)NC1=O)[C@H]2[C@@H]([C@@H]([C@H](O2)COP(=O)(O)OP(=O)(O)OP(=O)(O)O)O)O
24139,CC(=O)N[C@@H]1[C@H]([C@@H]([C@H](O[C@H]1O)CO)O)O
12456,COC1=C(C2=C[N+]3=C(C=C2C=C1)C4=CC5=C(C=C4CC3)OCO5)OC.[Cl-]
2482,CCCCOC(=O)C1=CC=C(C=C1)N
5646,CC1=C(C(=C2C(=C1O)C3(C(=CC(=O)C(C3=O)C(=O)C)O2)C)C(=O)C)O
3610,CCCCCCC1=C(C=C(C=C1)O)O
62881,CC(=O)N(CCCCCNC(=O)CCC(=O)N(CCCCCNC(=O)CCC(=O)N(CCCCCN)O)O)O.CS(=O)(=O)O
6087,CC1([C@@H](N2[C@H](S1)[C@@H](C2=O)NC(=O)C3=C(C=CC=C3OC)OC)C(=O)O)C
3337,CCNC(C)CC1=CC(=CC=C1)C(F)(F)F
4058,CCOC(=O)C1(CCN(CC1)C)C2=CC=CC=C2
3564,CC1=NCCC2=C1NC3=C2C=CC(=C3)OC
2164,CCC1(C(=O)NC(=O)NC1=O)CCC(C)C
5281068,CN(C)CCC(C1=CC=C(C=C1)Cl)C2=CC=CC=N2.C(=C\C(=O)O)\C(=O)O
5892,C1=CC(=C[N+](=C1)[C@H]2[C@@H]([C@@H]([C@H](O2)COP(=O)([O-])OP(=O)(O)OC[C@@H]3[C@H]([C@H]([C@@H](O3)N4C=NC5=C(N=CN=C54)N)O)O)O)O)C(=O)N
16684434,CC[Hg]SC1=CC=CC=C1C(=O)[O-].[Na+]
1567,C(CS)O
2543,CCCCCC1=CC(=C2C(=C1)OC(C3=C2C=C(C=C3)C)(C)C)O
5281069,C[C@@](C1=CC=CC=C1)(C2=CC=C(C=C2)Cl)OCC[C@H]3CCCN3C.C(=C/C(=O)O)\C(=O)O
8813,C1=CC(=CC=C1C(=N)N)OCCCCCOC2=CC=C(C=C2)C(=N)N.C(CS(=O)(=O)O)O.C(CS(=O)(=O)O)O
5974,CCCCCCCCCCCCCCCC[N+](C)(C)C.[Br-]
27503,C1=CC2=C(C(=C1)OCC(COC3=CC=CC4=C3C(=O)C=C(O4)C(=O)[O-])O)C(=O)C=C(O2)C(=O)[O-].[Na+].[Na+]
3059,C1=CC(=C(C=C1C2=C(C=C(C=C2)F)F)C(=O)O)O
2343,C1=CC=C(C=C1)CSCC2=NS(=O)(=O)C3=CC(=C(C=C3N2)Cl)S(=O)(=O)N
4201,C1CCN(CC1)C2=NC(=N)N(C(=C2)N)O
54676228,CN1C(=C(C2=CC=CC=C2S1(=O)=O)O)C(=O)NC3=CC=CC=N3
3826,C1CN2C(=CC=C2C(=O)C3=CC=CC=C3)C1C(=O)O
4037,CC1=C(C(=C(C=C1)Cl)NC2=CC=CC=C2C(=O)O)Cl
2564,CN(C)CCOC(C1=CC=C(C=C1)Cl)C2=CC=CC=N2
5339,C1=CC=NC(=C1)NS(=O)(=O)C2=CC=C(C=C2)N=NC3=CC(=C(C=C3)O)C(=O)O
4495,CS(=O)(=O)NC1=C(C=C(C=C1)[N+](=O)[O-])OC2=CC=CC=C2
2762,CCN1C2=CC3=C(C=C2C(=O)C(=N1)C(=O)O)OCO3
2910,C1C2CC(C1C=C2)C3NC4=CC(=C(C=C4S(=O)(=O)N3)S(=O)(=O)N)Cl
2733525,CC/C(=C(\C1=CC=CC=C1)/C2=CC=C(C=C2)OCCN(C)C)/C3=CC=CC=C3.C(C(=O)O)C(CC(=O)O)(C(=O)O)O
1978,CCCC(=O)NC1=CC(=C(C=C1)OCC(CNC(C)C)O)C(=O)C
3342,CC(C1=CC(=CC=C1)OC2=CC=CC=C2)C(=O)O
3652,CCN(CCCC(C)NC1=C2C=CC(=CC2=NC=C1)Cl)CCO
62969,CC(C)C(CCCN(C)CCC1=CC(=C(C=C1)OC)OC)(C#N)C2=CC(=C(C=C2)OC)OC.Cl
27944,C1CSC2=N[C@H](CN21)C3=CC=CC=C3.Cl
20824,CC1([C@@H](N2[C@H](S1)[C@@H](C2=O)NC(=O)C(C3=CC=CC=C3)C(=O)O)C(=O)O)C
4178,CC1=C(C(=CC=C1)C)OCC(C)N
4761,CN(C)CCC(C1=CC=CC=C1)C2=CC=CC=N2
187,CC(=O)OCC[N+](C)(C)C
4034,CC1=CC(=CC=C1)CN2CCN(CC2)C(C3=CC=CC=C3)C4=CC=C(C=C4)Cl
708857,CN1CCCN=C1/C=C/C2=CC=CS2
9601226,CCC(=O)O[C@H](C(C)C)O[P@](=O)(CCCCC1=CC=CC=C1)CC(=O)N2C[C@@H](C[C@H]2C(=O)O)C3CCCCC3
4100,CC(=O)N=C1N(N=C(S1)S(=O)(=O)N)C
39042,CC(C)(C(=O)O)OC1=CC=C(C=C1)CCNC(=O)C2=CC=C(C=C2)Cl
1981,CC1=C(C2=C(N1C(=O)C3=CC=C(C=C3)Cl)C=CC(=C2)OC)CC(=O)OCC(=O)O
3698,C1=CN=CC=C1C2=CNC(=O)C(=C2)N
47965,CC1=C(N2[C@@H]([C@@H](C2=O)NC(=O)[C@@H](C3=CC=C(C=C3)O)N)SC1)C(=O)O
2722,C1=CC2=C(C(=C(C=C2Cl)Cl)O)N=C1
2749,CC1=CC(=O)N(C(=C1)C2CCCCC2)O
4436,C1CN=C(N1)CC2=CC=CC3=CC=CC=C32
54892,CCOC(=O)[C@H](CCC1=CC=CC=C1)N[C@@H](C)C(=O)N2CC3=CC=CC=C3C[C@H]2C(=O)O
441325,CCCCC1=C(C2=CC=CC=C2O1)C(=O)C3=CC(=C(C(=C3)I)OCCN(CC)CC)I.Cl
135398738,CN(C)/N=N/C1=C(NC=N1)C(=O)N
121587,CN1CC[C@@]23C=C[C@@H](C[C@@H]2OC4=C(C=CC(=C34)C1)OC)O.Br
2993,CC1=[N+](C2=CC=CC=C2C(=C1)N)CCCCCCCCCC[N+]3=C(C=C(C4=CC=CC=C43)N)C
1548955,CCN(CC)CCOC1=CC=C(C=C1)/C(=C(/C2=CC=CC=C2)\Cl)/C3=CC=CC=C3
2132,C1CC(CCC1NCC2=C(C(=CC(=C2)Br)Br)N)O
4488,C1=CC(=CC(=C1)NC2=C(C=CC=N2)C(=O)O)C(F)(F)F
5359,CC(C1=CC=C(C=C1)C(=O)C2=CC=CS2)C(=O)O
4906,CCCNC(C)C(=O)NC1=CC=CC=C1C
5281417,C1=CC(=O)OC2=CC(=C(C=C21)O[C@H]3[C@@H]([C@H]([C@@H]([C@H](O3)CO)O)O)O)O
4825,COC1=C(C2=C(C=CO2)C3=C1C=CC(=O)O3)OC
16231,C1(=C(N=C(C(=N1)Cl)N)N)C(=O)N=C(N)N
2327,C1=CC(=C(C(=C1CNNC(=O)C(CO)N)O)O)O
47812,CCCN1C[C@@H](C[C@H]2[C@H]1CC3=CNC4=CC=CC2=C34)CSC.CS(=O)(=O)O
440005,C(C[C@@H](C(=O)O)N)CN=C(N)N[N+](=O)[O-]
54675783,CN(C)[C@H]1[C@@H]2C[C@@H]3CC4=C(C=CC(=C4C(=C3C(=O)[C@@]2(C(=C(C1=O)C(=O)N)O)O)O)O)N(C)C
5411,CCCCNC1=CC=C(C=C1)C(=O)OCCN(C)C
3335,C1=CC=C(C=C1)C2=CC=C(C=C2)C(=O)CCC(=O)O
5104,C1=CC(=C(C=C1[As](=O)(O)O)[N+](=O)[O-])O
8307,CC[N+](C)(C)C1=CC(=CC=C1)O.[Cl-]
70912,CC(C)C[C@@H](C(=O)O)NC(=O)C
3092,CC1=C(C=C(C=C1[N+](=O)[O-])[N+](=O)[O-])C(=O)N
5388961,CCOC(=O)[C@H](CCC1=CC=CC=C1)N[C@@H](C)C(=O)N2CCC[C@H]2C(=O)O.C(=C\C(=O)O)\C(=O)O
4883,CC(C)NCC(COC1=CC=C(C=C1)NC(=O)C)O
5702273,CC(C)(C)NCC(C1=CC(=C(C(=C1)Cl)N)Cl)O.Cl
5282139,CN(C)CCC(C1=CC=CC=C1)C2=CC=CC=N2.C(=C\C(=O)O)\C(=O)O
104730,[Co]
6048,C1CN=C(N1)CC2=CC=CC=C2.Cl
1985,CC(=O)NC1=C(C=CC(=C1)[As](=O)(O)O)O
443953,CC[C@@H]1[C@@]([C@@H]([C@H](C(=O)[C@@H](C[C@@]([C@@H]([C@H]([C@@H]([C@H](C(=O)O1)C)O[C@H]2C[C@@]([C@H]([C@@H](O2)C)O)(C)OC)C)O[C@H]3[C@@H]([C@H](C[C@H](O3)C)N(C)C)OC(=O)CCC(=O)OCC)(C)O)C)C)O)(C)O
4417,CCN(CC)CCOC(=O)C(CC1CCCO1)CC2=CC=CC3=CC=CC=C32
5702129,CC1=CC=C(C=C1)/C(=C\CN2CCCC2)/C3=CC=CC=N3.Cl
3280,CCOC1=C(C=C(C=C1)CC2=NC=CC3=CC(=C(C=C32)OCC)OCC)OCC
30928,CC(C)N(CCC(C1=CC=CC=C1)(C2=CC=CC=N2)C(=O)N)C(C)C.OP(=O)(O)O
5284443,CNC[C@@H](C1=CC(=CC=C1)O)O.Cl
2683,CCCCCCCCCCCCCCCC[N+]1=CC=CC=C1
441477,C([C@@H]1[C@H]([C@@H]([C@H]([C@@H](O1)O)N)O)O)O
2466,CCCCOC1=CC=C(C=C1)CC(=O)NO
5325,CC1=NC(=NC=C1)NS(=O)(=O)C2=CC=C(C=C2)N
4855,CCN1C=C(C(=O)C2=CN=C(N=C21)N3CCCC3)C(=O)O
4621,CC(C)(CC1=CC=CC=C1)N(C)C(=O)CN(CCO)CC(=O)N(C)C(C)(C)CC2=CC=CC=C2
2797,CC(C)(C(=O)O)OC1=CC=C(C=C1)Cl
2197,COC1=CC=C(C=C1)C2C(=O)C3=CC=CC=C3C2=O
38103,CC1=C(N2[C@@H]([C@@H](C2=O)NC(=O)[C@@H](C3=CCC=CC3)N)SC1)C(=O)O
38911,CC1=CC(=O)N(C(=C1)C2CCCCC2)O.C(CO)N
5475,CCN(CC)CCOC1=CC2=C(C=C1)C3=C(C2=O)C=C(C=C3)OCCN(CC)CC
2453,C1=CC2=C(C(=C(C=C2Br)Br)O)N=C1
92163,CCCNC(C)C(=O)NC1=CC=CC=C1C.Cl
3103,CN1CCC(CC1)OC(C2=CC=CC=C2)C3=CC=CC=C3
4450,CN1CCOC(C2=CC=CC=C2C1)C3=CC=CC=C3
83823,CC1=CC=CC=C1C(C2=CC=CC=C2)OCCN(C)C.C(C(=O)O)C(CC(=O)O)(C(=O)O)O
19004,C[N+]12CCC(CC1)C(C2)OC(=O)C(C3=CC=CC=C3)(C4=CC=CC=C4)O.[Br-]
4747,C1CN(CCC1O)CCCN2C3=CC=CC=C3SC4=C2C=C(C=C4)C#N
3000715,CCCC(C)C1(C(=O)NC(=S)NC1=O)CC
4904,C1CCN(CC1)CCC(C2=CC=CC=C2)(C3=CC=CC=C3)O
5807,CC(C)NCC(C1=CC(=C(C=C1)O)O)O.Cl
66007,C1CCC(CC1)C(CCN2CCCCC2)(C3=CC=CC=C3)O.Cl
5603,CCCCCC(C)N
71171,C[C@@]1(C(=O)N2[C@H](C(=O)N3CCC[C@H]3[C@@]2(O1)O)CC4=CC=CC=C4)NC(=O)[C@@H]5C[C@H]6[C@@H](CC7=CNC8=CC=CC6=C78)N(C5)C.CS(=O)(=O)O
5281035,CC1=CC(=C(N1C2=CC=CC=C2)C)/C=C/C3=[N+](C4=C(C=C3)C=C(C=C4)N(C)C)C
5330,COC1=NN=C(C=C1)NS(=O)(=O)C2=CC=C(C=C2)N
5281033,CN1CCCN=C1/C=C/C2=CC=CS2.C1=CC=C2C(=C1)C=C(C(=C2CC3=C(C(=CC4=CC=CC=C43)C(=O)O)O)O)C(=O)O
2202,C1C2=C(C(=CC=C2)O)C(=O)C3=C1C=CC=C3O
5338,C1=CC=C2C(=C1)N=CC(=N2)NS(=O)(=O)C3=CC=C(C=C3)N
5818,C1=C(NC=N1)CCN.Cl.Cl
5362,CCCCC1(C(=O)N(N(C1=O)C2=CC=CC=C2)C3=CC=CC=C3)COC(=O)CCC(=O)O
10649,CC1=[N+](C2=CC=CC=C2C(=C1)N)CCCCCCCCCC[N+]3=C(C=C(C4=CC=CC=C43)N)C.[Cl-].[Cl-]
3561,C1=C(C(=CC(=C1Cl)Cl)Cl)OCC#CI
64737,CCCCN1CCCCC1C(=O)NC2=C(C=CC=C2C)C.Cl
23675322,CC1=NN=C(S1)SCC2=C(N3[C@@H]([C@@H](C3=O)NC(=O)CN4C=NN=N4)SC2)C(=O)[O-].[Na+]
2481,CC(C)CC1(C(=O)NC(=O)NC1=O)CC=C
5511,CC1=CC=C(C=C1)C(=O)C(C)CN2CCCCC2
4886,CCCCOC1=CC=C(C=C1)OCCCN2CCOCC2
68385,CN(C)CCOC1=CC=C(C=C1)CNC(=O)C2=CC(=C(C(=C2)OC)OC)OC.Cl
657302,C1=CC=C(C=C1)C2(C(=O)[N-]C(=O)N2)C3=CC=CC=C3.[Na+]
4534,CC(CC1=CC(=C(C=C1)O)O)C(C)CC2=CC(=C(C=C2)O)O
54675777,C[C@@]1([C@H]2C[C@H]3[C@@H](C(=O)C(=C([C@]3(C(=O)C2=C(C4=C(C=CC(=C41)Cl)O)O)O)O)C(=O)N)N(C)C)O
6915744,CC[C@@H]1[C@@]([C@@H]([C@H](/C(=N/OCOCCOC)/[C@@H](C[C@@]([C@@H]([C@H]([C@@H]([C@H](C(=O)O1)C)O[C@H]2C[C@@]([C@H]([C@@H](O2)C)O)(C)OC)C)O[C@H]3[C@@H]([C@H](C[C@H](O3)C)N(C)C)O)(C)O)C)C)O)(C)O
23664709,CC1([C@@H](N2[C@H](S1)[C@@H](C2=O)NC(=O)CC3=CC=CC=C3)C(=O)[O-])C.[K+]
6135,CC(CCCN)NC1=C2C(=CC(=C1)OC)C=CC=N2.OP(=O)(O)O.OP(=O)(O)O
441371,CCCCCCCCCCCCOS(=O)(=O)O.CC[C@@H]1[C@@]([C@@H]([C@H](C(=O)[C@@H](C[C@@]([C@@H]([C@H]([C@@H]([C@H](C(=O)O1)C)O[C@H]2C[C@@]([C@H]([C@@H](O2)C)O)(C)OC)C)O[C@H]3[C@@H]([C@H](C[C@H](O3)C)N(C)C)OC(=O)CC)(C)O)C)C)O)(C)O
522325,CC1=C(C(=O)N(N1C)C2=CC=CC=C2)N(C)CS(=O)(=O)[O-].[Na+]
14184,CCC(=O)C(CC(C)N(C)C)(C1=CC=CC=C1)C2=CC=CC=C2.Cl
588,CN1CC(=O)N=C1N
68589,C1=CC(=CC=C1COC(CN2C=CN=C2)C3=C(C=C(C=C3)Cl)Cl)Cl.[N+](=O)(O)[O-]
5360545,[Na]
5750,CCOC(=O)C1(CCN(CC1)C)C2=CC=CC=C2.Cl
441199,CO[C@@]1([C@@H]2N(C1=O)C(=C(CS2)COC(=O)N)C(=O)O)NC(=O)CC3=CC=CS3
962,O
5460341,[Ca]
1646,C(CN)CS(=O)(=O)O
5462222,[K]
23939,[Pt]
4746,C1CCC(CC1)C(CC2CCCCN2)C3CCCCC3
5824,CN(C)C(=O)OC1=CC=CC(=C1)[N+](C)(C)C.COS(=O)(=O)[O-]
3194,C1=CC=C(C=C1)N2C(=O)C3=CC=CC=C3[Se]2
3948,CCN1C=C(C(=O)C2=CC(=C(C(=C21)F)N3CCNC(C3)C)F)C(=O)O
5504,C1CN=C(N1)CC2=CC=CC=C2
22880,CN[C@H](CC(=O)O)C(=O)O
4195,COC1=CC(=C(C=C1)OC)C(CNC(=O)CN)O
135398747,C[N+]1=CC=CC=C1/C=N/O
5335,C1=CC=C(C=C1)N2C(=CC=N2)NS(=O)(=O)C3=CC=C(C=C3)N
5198,CC1CCC(CC1)NC(=O)N(CCCl)N=O
2905,CN(C)CCOC(=O)C(C1=CC=CC=C1)C2(CCCC2)O
68624,CCN1C=C(C(=O)C2=CC(=C(C(=C21)F)N3CCNC(C3)C)F)C(=O)O.Cl
2723754,C1CCC2=NC3=CC=CC=C3C(=C2C1)N.Cl
767,C(=O)(O)O
23675321,CC(=O)OCC1=C(N2[C@@H]([C@@H](C2=O)NC(=O)CC3=CC=CS3)SC1)C(=O)[O-].[Na+]
875,C(C(C(=O)O)O)(C(=O)O)O
2551,C[N+](C)(C)CCOC(=O)N
247704,CNC[C@H](C1=CC(=C(C=C1)O)O)O
54680782,C[C@@]1([C@H]2[C@@H]([C@H]3[C@@H](C(=O)C(=C([C@]3(C(=O)C2=C(C4=C1C=CC=C4O)O)O)O)C(=O)N)N(C)C)O)O.Cl
5094,CN1C(=CN=C1COC(=O)N)[N+](=O)[O-]
6314,CCN(CC)CC(=O)NC1=C(C=CC=C1C)C.Cl
44561,C(=O)([O-])P(=O)([O-])[O-].[Na+].[Na+].[Na+]
3590,CC(CCCC(C)(C)O)N
4113,CON
5281072,CC[C@@H](CO)NC(=O)[C@H]1CN([C@@H]2CC3=CNC4=CC=CC(=C34)C2=C1)C.C(=C\C(=O)O)\C(=O)O
2117,CC1=C(C(=C(C2=C1OC(CC2)(C)CCCC(C)CCCC(C)CCCC(C)C)C)OC(=O)C)C
5280754,CCC1C(=O)N(CC(=O)N(C(C(=O)NC(C(=O)N(C(C(=O)NC(C(=O)NC(C(=O)N(C(C(=O)N(C(C(=O)N(C(C(=O)N(C(C(=O)N1)C(C(C)C/C=C/C)O)C)C(C)C)C)CC(C)C)C)CC(C)C)C)C)C)CC(C)C)C)C(C)C)CC(C)C)C)C
4756,C1=CC=C(C=C1)N=NC2=C(N=C(C=C2)N)N
54680690,CN(C)[C@H]1[C@@H]2C[C@@H]3[C@@H](C4=C(C=CC(=C4C(=C3C(=O)[C@@]2(C(=C(C1=O)C(=O)N)O)O)O)O)Cl)O
207841,C1CCC(CC1)C(CCN2CCCC2)(C3=CC=CC=C3)O.Cl
5702096,CC[C@]12CCC3[C@H]4CCC(=O)C=C4CCC3C1CC[C@]2(C#C)O
2901,C1CCC(C1)(C(=O)O)N
2799,CC(C)(C)CC(C)(C)C1=CC(=C(C=C1)O)CC2=C(C=C(C=C2)Cl)Cl
5699,C1=CC2=C(C(=C1)O)NC(=CC2=O)C(=O)O
164739,C[C@@H]([C@@H](C1=CC(=C(C=C1)O)O)O)N
2805,C1CCN(CC1)CCOC(C2=CC=CC=C2)C3=CC=C(C=C3)Cl
4652,C1=CC(=CC=C1CC(C(=O)O)N)Cl
122824,CCN(CC)C(C)CN1C2=CC=CC=C2SC3=CC=CC=C31.Cl
23663979,CC1([C@@H](N2[C@H](S1)[C@@H](C2=O)NC(=O)[C@@H](C3=CC=CC=C3)N)C(=O)[O-])C.[Na+]
23675320,CC1=C(C(=NO1)C2=CC=CC=C2Cl)C(=O)N[C@H]3[C@@H]4N(C3=O)[C@H](C(S4)(C)C)C(=O)[O-].[Na+]
2335,CC(C)(C)CC(C)(C)C1=CC=C(C=C1)OCCOCC[N+](C)(C)CC2=CC=CC=C2
188803,CC(=O)N[C@@H](CC(=O)O)C(=O)N[C@@H](CCC(=O)O)C(=O)O
23663939,CC1=C(C=CC2=C1OC(=O)C(=C2[O-])NC(=O)C3=CC(=C(C=C3)O)CC=C(C)C)O[C@H]4[C@@H]([C@@H]([C@H](C(O4)(C)C)OC)OC(=O)N)O.[Na+]
2151,CC1=C(C(=O)N(N1C)C2=CC=CC=C2)N
23676814,CC1([C@@H](N2[C@H](S1)[C@@H](C2=O)NC(=O)COC3=CC=CC=C3)C(=O)[O-])C.[K+]
441242,CN1C(=NN=N1)SCC2=C(N3[C@@H]([C@@](C3=O)(NC(=O)C(C4=CC=C(C=C4)O)C(=O)[O-])OC)OC2)C(=O)[O-].[Na+].[Na+]
68304,CCCCOC1=CC=C(C=C1)C(=O)CCN2CCCCC2.Cl
3180,CCCCOC1=CC=C(C=C1)C(=O)CCN2CCCCC2
25096,C1CN(CCN1CCOCCO)C(C2=CC=CC=C2)C3=CC=C(C=C3)Cl.C1=CC=C2C(=C1)C=C(C(=C2CC3=C(C(=CC4=CC=CC=C43)C(=O)O)O)O)C(=O)O
15432,CCN(CC)C(=O)N1CCN(CC1)C.C(C(=O)O)C(CC(=O)O)(C(=O)O)O
73957,CCCCOC1=CC=C(C=C1)OCCCN2CCOCC2.Cl
3052,CCN(CC)C(=O)N1CCN(CC1)C
657348,C[C@@]12CCN([C@@H]1N(C3=C2C=C(C=C3)OC(=O)NC)C)C.C1=CC=C(C(=C1)C(=O)O)O
20933,CC1([C@@H](N2[C@H](S1)[C@@H](C2=O)NC(=O)C(C3=CC=CC=C3)C(=O)[O-])C(=O)[O-])C.[Na+].[Na+]
23675312,CC(=O)OCC1=C(N2[C@@H]([C@@H](C2=O)NC(=O)CSC3=CC=NC=C3)SC1)C(=O)[O-].[Na+]
6604100,C1C(=NC(=O)N1/N=C/C2=CC=C(O2)C3=CC=C(C=C3)[N+](=O)[O-])[O-].[Na+]
23675317,CC(C(=O)N[C@H]1[C@@H]2N(C1=O)[C@H](C(S2)(C)C)C(=O)[O-])OC3=CC=CC=C3.[K+]
3468,CN(C)C1=CC=C(C=C1)C(=C2C=CC(=[N+](C)C)C=C2)C3=CC=C(C=C3)N(C)C
54704426,C[C@@]1([C@H]2C[C@H]3[C@@H](C(=O)C(=C([C@]3(C(=O)C2=C(C4=C1C=CC=C4O)O)O)O)C(=O)N)N(C)C)O.Cl
22162,CN(C)CCOC(=O)C(C1=CC=CC=C1)C2(CCCC2)O.Cl
14051,CC[C@@H](CO)NCCN[C@@H](CC)CO.Cl.Cl
9581,C[C@@H]([C@H](C1=CC=CC=C1)O)NC.Cl
5702050,C[C@H](/C=C/[C@H](C)C(C)C)C1CC[C@@H]\2[C@@]1(CCC/C2=C\C=C/3\C[C@H](CCC3=C)O)C
4940,CCC(=O)C1=CC2=C(C=C1)SC3=CC=CC=C3N2CC(C)N(C)C
248,C[N+](C)(C)CC(=O)O
3998,C1=CC(=CC=C1CN)S(=O)(=O)N
12559,CCCCCCCCCCCCCCCCCC(=O)O.CC[C@@H]1[C@@]([C@@H]([C@H](C(=O)[C@@H](C[C@@]([C@@H]([C@H]([C@@H]([C@H](C(=O)O1)C)O[C@H]2C[C@@]([C@H]([C@@H](O2)C)O)(C)OC)C)O[C@H]3[C@@H]([C@H](C[C@H](O3)C)N(C)C)O)(C)O)C)C)O)(C)O
2351,CC(C)COCC(CN(CC1=CC=CC=C1)C2=CC=CC=C2)N3CCCC3
5702243,C[C@H]1C/C=C/C=C/[C@@H]([C@@H](C[C@@H]([C@@H]([C@H]([C@@H](CC(=O)O1)O)OC)O[C@H]2[C@@H]([C@H]([C@@H]([C@H](O2)C)O[C@H]3C[C@@]([C@@H]([C@@H](O3)C)O)(C)O)N(C)C)O)CC=O)C)O[C@H]4CC[C@@H]([C@H](O4)C)N(C)C
3351,C1CN(CCN1CC2=CC3=C(C=C2)OCO3)C(=O)COC4=CC=C(C=C4)Cl
47499,CN1C(=NN=N1)SCC2=C(N3[C@@H]([C@@](C3=O)(NC(=O)C(C4=CC=C(C=C4)O)C(=O)O)OC)OC2)C(=O)O
5733,CC1=C(N(C(=C1)CC(=O)O)C)C(=O)C2=CC=C(C=C2)Cl
104762,C1=NC(=C(N1[C@H]2[C@@H]([C@@H]([C@H](O2)CO)O)O)O)C(=O)N
3474,C1=CC=C(C(=C1)C(=O)OCC(CO)O)NC2=C3C=CC(=CC3=NC=C2)Cl
1979,CC(=O)OC1CN2CCC1CC2
9373,CN(CC#C)CC1=CC=CC=C1.Cl
5702161,CC(CC1=CC=C(C=C1)O)NCC(C2=CC(=CC(=C2)O)O)O.Br
6461,C[N+]1(CCCC(C1)OC(=O)C(C2=CC=CC=C2)(C3=CC=CC=C3)O)C.[Br-]
4039,CN(C)CCOC(=O)COC1=CC=C(C=C1)Cl
2784,C[N+]12CCC(CC1)C(C2)OC(=O)C(C3=CC=CC=C3)(C4=CC=CC=C4)O
2474,CCCCN1CCCCC1C(=O)NC2=C(C=CC=C2C)C
3276,C1=CN(C(=N1)[N+](=O)[O-])CC(=O)NCCO
8695,CCCCNC1=CC=C(C=C1)C(=O)OCCN(C)C.Cl
3336,CC(C1=CC=CC=C1)NCCC(C2=CC=CC=C2)C3=CC=CC=C3
5284439,C1CCC(CC1)C(CC2CCCCN2)C3CCCCC3.C(=C\C(=O)O)\C(=O)O
441374,C1[C@H]([C@@H]([C@H]([C@@H]([C@H]1N)O[C@@H]2[C@@H]([C@H]([C@@H]([C@H](O2)CN)O)O)O)O)O[C@@H]3[C@@H]([C@H]([C@@H]([C@H](O3)CO)O)N)O)N.OS(=O)(=O)O
5319,C1=CC=C(C=C1)C(=O)NS(=O)(=O)C2=CC=C(C=C2)N
4487,CC1=C(C(=O)N(N1C)C2=CC=CC=C2)NC(=O)C3=CN=CC=C3
4822,CN1CCC(=C2C3=CC=CC=C3SC4=CC=CC=C42)CC1
5282386,CC1=CC(=CC(=C1CC2=NCCN2)C)C(C)(C)C.Cl
90010,CCN(CC)CCOCCOC(=O)C1(CCCC1)C2=CC=CC=C2.C(C(=O)O)C(CC(=O)O)(C(=O)O)O
17683,CCN(CCCCOC(=O)C1=CC(=C(C=C1)OC)OC)C(C)CC2=CC=C(C=C2)OC.Cl
161104,C1CCN(CC1)CCOC(C2=CC=CC=C2)C3=CC=C(C=C3)Cl.Cl
54685920,C[C@@H]1[C@H]2[C@@H]([C@H]3[C@@H](C(=O)C(=C([C@]3(C(=O)C2=C(C4=C1C=CC=C4O)O)O)O)C(=O)N)N(C)C)O.Cl
197066,CN(C)CCN(CC1=CC=CC=C1)C2=CC=CC=N2.C(C(=O)O)C(CC(=O)O)(C(=O)O)O
1576,CC(C(=O)C1=CC=CC=C1)NC
521951,CCCCOC1=NC2=CC=CC=C2C(=C1)C(=O)NCCN(CC)CC.Cl
66063,CN1CCC(CC1)OC(C2=CC=CC=C2)C3=CC=CC=C3.Cl
66061,CN1CCCN=C1COC(=O)C(C2CCCCC2)(C3=CC=CC=C3)O.Cl
15851,CNC1(CCCCC1=O)C2=CC=CC=C2Cl.Cl
62413,CN1CCN(CC1)C(C2=CC=CC=C2)C3=CC=C(C=C3)Cl.Cl
135403647,C1C(N(C2=C(N1)N=C(NC2=O)N)C=O)CNC3=CC=C(C=C3)C(=O)N[C@@H](CCC(=O)[O-])C(=O)[O-].[Ca+2]
4786,CC(C(C1=CC=CC=C1)O)N
94328,COC1=CC2=C(C=CN=C2C=C1)[C@@H]([C@H]3C[C@@H]4CCN3C[C@@H]4C=C)O.C([C@H]([C@H]([C@@H]([C@H](C(=O)O)O)O)O)O)O
91452,CCNC(C)CC1=CC(=CC=C1)C(F)(F)F.Cl
3448,C1CNCC2=C1C(=O)NO2
92965,CC1=CC=C(C=C1)C(=O)C(C)CN2CCCCC2.Cl
9571016,C1=CC(=CC=C1N/C(=N/C(=NCCCCCCN=C(/N=C(/NC2=CC=C(C=C2)Cl)\N)N)N)/N)Cl.Cl.Cl
5318,C1=CC(=CC=C1CSC(CN2C=CN=C2)C3=C(C=C(C=C3)Cl)Cl)Cl
3202,CC[N+](C)(C)C1=CC(=CC=C1)O
23665410,CCCC(C)C1(C(=O)NC(=NC1=O)[S-])CC.[Na+]
10661,CN1C2=C(C(=O)N(C1=O)C)NC(=N2)Cl
5702220,CN(CC1=C(C(=CC(=C1)Br)Br)N)C2CCCCC2.Cl
64782,C[C@@H]([C@@H](C1=CC=CC=C1)O)N(C)C
54685925,CN(C)[C@H]1[C@@H]2C[C@@H]3CC4=C(C=CC(=C4C(=C3C(=O)[C@@]2(C(=C(C1=O)C(=O)N)O)O)O)O)N(C)C.Cl
5886,C1=CC(=C[N+](=C1)[C@H]2[C@@H]([C@@H]([C@H](O2)COP(=O)(O)OP(=O)(O)OC[C@@H]3[C@H]([C@H]([C@@H](O3)N4C=NC5=C(N=CN=C54)N)OP(=O)(O)O)O)O)O)C(=O)N
5457,CN(C)CCN(CC1=CC=C(C=C1)OC)C2=NC=CC=N2
657349,CC[C@H]1[C@H](COC1=O)CC2=CN=CN2C.[N+](=O)(O)[O-]
26964,C1=CC(=C(C(=C1CNNC(=O)C(CO)N)O)O)O.Cl
5282407,C1CN(CCN1C/C=C/C2=CC=CC=C2)C(C3=CC=C(C=C3)F)C4=CC=C(C=C4)F.Cl.Cl
656580,C1=CC(=CC=C1[C@H]([C@@H](COC(=O)CCC(=O)O)NC(=O)C(Cl)Cl)O)[N+](=O)[O-]
3362,CCC(=O)C1=C(C=C(C=C1O)O)O
22530,CN1CCC2=C(C1)C3=CC=CC=C3N2CC4=CC=CC=C4
23659,CCN(CC)CCNC(=O)C1=CC(=C(C=C1OC)N)Cl.Cl
4871,CC(=CCC1=C2C(=C3C(=C1O)C(=O)C(=CO3)C4=CC(=C(C=C4)O)O)C=CC(O2)(C)C)C
68626,C1CN(CCC12CNC(=O)O2)CCC3=CC=CC=C3.Cl
3111,CC1=C(C(=O)N(N1C)C2=CC=CC=C2)N(C)CS(=O)(=O)O
86471,C1CCCN(CCC1)CCN=C(N)N.OS(=O)(=O)O
54675785,CN(C)[C@H]1[C@@H]2[C@H]([C@@H]3C(=C)C4=C(C(=CC=C4)O)C(=C3C(=O)[C@@]2(C(=C(C1=O)C(=O)N)O)O)O)O
5702099,C[C@H]1/C=C/C=C/CC/C=C/C=C/C=C/C=C/C(CC2C(C(C[C@](O2)(CC(C(CCC(CC(CC(CC(=O)O[C@H](C([C@@H]1O)C)C)O)O)O)O)O)O)O)C(=O)O)OC3[C@H]([C@H]([C@@H]([C@H](O3)C)O)N)O
54685047,CN(C)[C@H]1[C@@H]2[C@H]([C@@H]3C(=C)C4=C(C(=CC=C4)O)C(=C3C(=O)[C@@]2(C(=C(C1=O)C(=O)N)O)O)O)O.Cl
23667628,CC1=C(C(=NO1)C2=C(C=CC=C2Cl)Cl)C(=O)N[C@H]3[C@@H]4N(C3=O)[C@H](C(S4)(C)C)C(=O)[O-].[Na+]
3033832,CCN(CC)CCOC1=CC=C(C=C1)/C(=C(/C2=CC=CC=C2)\Cl)/C3=CC=CC=C3.C(C(=O)O)C(CC(=O)O)(C(=O)O)O
23665411,CC1=CC=C(C=C1)C(=O)C2=CC=C(N2C)CC(=O)[O-].[Na+]
5970,C[N+](C)(C)CC(CC(=O)O)O.[Cl-]
6284,CC(C)[N+](C)(CCC(C1=CC=CC=C1)(C2=CC=CC=C2)C(=O)N)C(C)C.[I-]
17184,CN1C2CCC1CC(C2)OC(=O)C(CO)C3=CC=CC=C3.OS(=O)(=O)O
23677058,CCCC(C)C1(C(=O)NC(=NC1=O)[S-])CC=C.[Na+]
5354,CCCCCCCCNC(C)C(C1=CC=C(C=C1)SC(C)C)O
2896,C1CN(C(=N1)N)CC(=O)O
3032285,CCCC(C)C1(C(=O)NC(=S)NC1=O)CC=C
272833,CC(C(=O)N[C@H]1[C@@H]2N(C1=O)[C@H](C(S2)(C)C)C(=O)O)OC3=CC=CC=C3
16230,C1(=C(N=C(C(=N1)Cl)N)N)C(=O)N=C(N)N.Cl
2804,CC1CCCC(N1NC(=O)C2=CC(=C(C=C2)Cl)S(=O)(=O)N)C
50088,CC(C)COCC(CN(CC1=CC=CC=C1)C2=CC=CC=C2)N3CCCC3.Cl
71833,CN1CCC2=CC3=C(C=C2C1O)OCO3.Cl
10969,CC(CCCC(C)(C)O)N.Cl
8691,C1=CC=C(C=C1)N=NC2=C(N=C(C=C2)N)N.Cl
54676539,CN(C)[C@H]1[C@@H]2[C@H]([C@@H]3C(=C)C4=C(C=CC(=C4C(=C3C(=O)[C@@]2(C(=C(C1=O)C(=O)N)O)O)O)O)Cl)O
54686764,CN(C)[C@H]1[C@@H]2C[C@@H]3[C@@H](C4=C(C=CC(=C4C(=C3C(=O)[C@@]2(C(=C(C1=O)C(=O)N)O)O)O)O)Cl)O.Cl
2826,CN1C2CCC1C(C(C2)OC(=O)C3=CC=CC=C3)C(=O)OC
71405,CN1CCN(CC1)CC(=O)N2C3=CC=CC=C3C(=O)NC4=C2N=CC=C4.Cl.Cl
6136,CN(C)CCN(CC1=CC=C(C=C1)OC)C2=NC=CC=N2.Cl
441276,CC1=C2[C@H](C(=O)[C@@]3([C@H](C[C@@H]4[C@](C3[C@@H]([C@@](C2(C)C)(C[C@@H]1OC(=O)[C@@H]([C@H](C5=CC=CC=C5)NC(=O)C6=CC=CC=C6)O)O)OC(=O)C7=CC=CC=C7)(CO4)OC(=O)C)O)C)OC(=O)C
521874,CON.Cl
4868,CCC(C)CCCCC(=O)NC(CCN)C(=O)NC(C(C)O)C(=O)NC(CCN)C(=O)NC1CCNC(=O)C(NC(=O)C(NC(=O)C(NC(=O)C(NC(=O)C(NC(=O)C(NC1=O)CCN)CC2=CC=CC=C2)CC(C)C)CCN)CCN)C(C)O
5479527,CC(=O)OCC1=C(N2[C@@H]([C@@H](C2=O)NC(=O)/C(=N/OC)/C3=CSC(=N3)N)SC1)C(=O)O
5702285,CC(C)(C)NCC(C1=CC=CC=C1Cl)O.Cl
2330,CCCCCCCCCCCCC[N+](C)(C)CC1=CC=CC=C1
149755,CC[C@]1(C[C@@H](C2=C(C3=C(C=C2[C@H]1C(=O)OC)C(=O)C4=C(C3=O)C(=CC=C4)O)O)O[C@H]5C[C@@H]([C@@H]([C@@H](O5)C)O)N(C)C)O
5893,C1=CC(=C[N+](=C1)[C@H]2[C@@H]([C@@H]([C@H](O2)COP(=O)(O)OP(=O)(O)OC[C@@H]3[C@H]([C@H]([C@@H](O3)N4C=NC5=C(N=CN=C54)N)O)O)O)O)C(=O)N
1206,CC(CC1=CC=CC=C1)NC
68643,CNCCC1=CC=CC=N1.Cl.Cl
170367,CC(=O)OC1CN2CCC1CC2.Cl
2344,CN1C2CCC1CC(C2)OC(C3=CC=CC=C3)C4=CC=CC=C4
5850,C[N+]1(CCCC1)CCCCC[N+]2(CCCC2)C
5702198,N.N.Cl[Pt]Cl
2178,CCCC1=NC=C(C(=N1)N)C[N+]2=CC=CC=C2C
108013,C1CC(CCC1NCC2=C(C(=CC(=C2)Br)Br)N)O.Cl
5328791,C1=CC(=CC=C1/C=C(\C#N)/C(=O)O)O
72619,C[N+]1=C2C(=C3C=CC4=C(C3=C1)OCO4)C=CC5=CC6=C(C=C52)OCO6.[N+](=O)([O-])[O-]
54676538,CN(C)[C@H]1[C@@H]2[C@H]([C@@H]3C(=C)C4=C(C=CC(=C4C(=C3C(=O)[C@@]2(C(=C(C1=O)C(=O)N)O)O)O)O)Cl)O.C1=CC(=C(C=C1S(=O)(=O)O)C(=O)O)O
23672566,CC(=O)OCC1=C(N2[C@@H]([C@@H](C2=O)NC(=O)/C(=N/OC)/C3=CSC(=N3)N)SC1)C(=O)[O-].[Na+]
3693427,C1=CC=C2C(=C1)N=CC(=N2)[N-]S(=O)(=O)C3=CC=C(C=C3)N.[Na+]
23666105,CCC(=O)O[C@H](C(C)C)O[P@](=O)(CCCCC1=CC=CC=C1)CC(=O)N2C[C@@H](C[C@H]2C(=O)[O-])C3CCCCC3.[Na+]
2977,CCCCCC1=CC(=C2C3CC(=CCC3C(OC2=C1)(C)C)C)O
4239,CCOC(=O)NC1=C[N+](=NO1)N2CCOCC2
442912,CC[C@H]1CN2CCC1C[C@@H]2[C@H](C3=C4C=C(C=CC4=NC=C3)OC)O
83862,C1=NC(=C2C(=N1)N(C=N2)C3[C@@H]([C@@H]([C@H](O3)COP(=O)(O)O)O)O)N
3083802,CCN(CC)CCNC(=O)COC1=CC=C(C=C1)OC.Cl
5702035,C[C@@H]1CC2C3CCC4=CC(=O)C=C[C@@]4([C@]3([C@H](C[C@@]2([C@]1(C(=O)CO)O)C)O)F)C
5702122,CC(C)(C)NC[C@H](COC1=NSN=C1N2CCOCC2)O.C(=C\C(=O)O)\C(=O)O
5256,C1=C(NC=N1)CC(C(=O)NC(CCCCN)C(=O)O)NC(=O)CNC(=O)C(CCCCN)N
5144,C=CCC1=CC2=C(C=C1)OCO2
5281607,C1=CC=C(C=C1)C2=CC(=O)C3=C(C=C(C=C3O2)O)O
70914,CC(=O)N[C@@H](CCC(=O)O)C(=O)O
5281670,C1=CC(=C(C=C1O)O)C2=C(C(=O)C3=C(C=C(C=C3O2)O)O)O
2230,CN1CCC=C(C1)C(=O)OC
3023,C1=CC=C2C(=C1)C3=CC=CC=C3S2
5146,C1=CC=C(C(=C1)CO)O
5280460,COC1=C(C=C2C(=C1)C=CC(=O)O2)O
1150,C1=CC=C2C(=C1)C(=CN2)CCN
54677972,CC1=CC(=NO1)NC(=O)C2=C(C3=CC=CC=C3S(=O)(=O)N2C)O
442292,CC(=C)[C@@H]1[C@@H]2[C@@H]3[C@@]4([C@]([C@H]1C(=O)O2)(C[C@@H]5[C@]4(O5)C(=O)O3)O)C
5280373,COC1=CC=C(C=C1)C2=COC3=CC(=CC(=C3C2=O)O)O
3806,C1=CC2=C(C(=O)C=CC2=O)C(=C1)O
5154,C[N+]1=C2C(=C3C=CC4=C(C3=C1)OCO4)C=CC5=CC6=C(C=C52)OCO6
10237,CN1CCC2=CC3=C(C=C2[C@H]1[C@H]4C5=C(C6=C(C=C5)OCO6)C(=O)O4)OCO3
2775,COC1=CC2=C(C=CC(=O)O2)C(=C1)OC
439503,C1=CC=C(C(=C1)CO)O[C@H]2[C@@H]([C@H]([C@@H]([C@H](O2)CO)O)O)O
253602,CC(=O)O[C@@H]1[C@H](CN[C@@H]1CC2=CC=C(C=C2)OC)O
6395,CS(=O)(=O)O
14710,CC[N+]1=C2C=C(C=CC2=C3C=CC(=CC3=C1C4=CC=CC=C4)N)N.[Br-]
443600,CCCCC[C@H](CC(=O)NO)C(=O)N[C@@H](C(C)C)C(=O)N1CCC[C@H]1CO
2915,C(CSSCCN)N
3081,CC1(C(=O)NC(=O)O1)C
4630,C1CCN(C1)CC#CCN2CCCC2=O
903,CC(=O)NCCC1=CNC2=C1C=C(C=C2)O
101744,C=C[C@H]1CN2CC[C@H]1C[C@H]2[C@@H](C3=CC=NC4=CC=CC=C34)O
4624,C1=C(C(=CC(=C1O)O)O)CCN
3048,C1C2C3C(C1C4C2O4)C5(C(=C(C3(C5(Cl)Cl)Cl)Cl)Cl)Cl
8732,CCCC1=NC=C(C(=N1)N)C[N+]2=CC=CC=C2C.Cl.[Cl-]
312915,CCN(CC)CCOC(=O)C(CC1CCCO1)CC2=CC=CC3=CC=CC=C32.C(=O)(C(=O)O)O
1329,CCCN1C2=C(C(=O)N(C1=O)CCC)NC(=N2)C3CCCC3
3758,CC(C)CN1C2=C(C(=O)N(C1=O)C)NC=N2
5353,COC1=C(C=CC(=C1)S(=O)C)C2=NC3=C(N2)C=CC=N3
135399235,CCCOC1=CC=CC=C1C2=NC3=NNN=C3C(=O)N2
1880,C1=CC=C(C=C1)C2=CC(=O)C3=C(O2)C(=C(C=C3)O)O
8546,C1=CC=C2C(=C1)C=C(C(=C2CC3=C(C(=CC4=CC=CC=C43)C(=O)O)O)O)C(=O)O
5280442,COC1=CC=C(C=C1)C2=CC(=O)C3=C(C=C(C=C3O2)O)O
4806,C1=CC=C(C(=C1)C(=O)NC2=CC=C(C=C2)S(=O)(=O)NC3=NC=CS3)C(=O)O
65341,CCCC(C1=CC=CC=C1)(C2=CC=CC=C2)C(=O)OCCN(CC)CC.Cl
2201,C1=CC=C2C(=C1)C=C3C=CC=CC3=C2C(=O)O
643606,COC(=O)[C@@H]1[C@H](CC[C@H]2[C@@H]1C[C@H]3C4=C(CCN3C2)C5=CC=CC=C5N4)O
2681,CCCCCCCCCCCCCCCC[N+](C)(C)C
3828,CC1=CC(=O)C2=C(C3=C(C(=C2O1)OC)OC=C3)OC
5332,COC1=NC=NC(=C1)NS(=O)(=O)C2=CC=C(C=C2)N
2480,CCCCN(CCCC)CCCOC(=O)C1=CC=C(C=C1)N
9301,CN1CCC=C(C1)C(=O)OC.Br
1892,CN1C2=C(C(=O)N(C1=O)C)N(C=N2)CCO
3076,CC(=O)OC1C(SC2=CC=CC=C2N(C1=O)CCN(C)C)C3=CC=C(C=C3)OC
71567,C1=CC=C(C=C1)C[C@H](C(=O)O)N
3634,CCN(CC)CCNC1=C2C(=C(C=C1)CO)SC3=CC=CC=C3C2=O
5315,C1=CC(=CC=C1NC(=O)CCC(=O)O)S(=O)(=O)NC2=NC=CS2
4994,CCC1(C(=O)C=CNC1=O)CC
7866,C(CS(=O)(=O)O)O
5324,C1=CC(=CC=C1N)S(=O)(=O)N=C(N)N
5004,C1=CC(=C(C2=C1C(=O)C3=C(C=CC(=C3C2=O)O)O)O)O
637213,COC1=C(C=C(C=C1)/C=C/C2=CC(=CC(=C2)O[C@H]3[C@@H]([C@H]([C@@H]([C@H](O3)CO)O)O)O)O)O
160157,C1=C(C(=CC(=C1O)O)O)CCN.Cl
5941,C(CSSCCN)N.Cl.Cl
6239,CCN(CC)CCCC(C)NC1=C2C=C(C=CC2=NC3=C1C=CC(=C3)Cl)OC.Cl.Cl
7322,C1=CC(=C(C=C1S(=O)(=O)O)C(=O)O)O
3765,C1CNCC=C1C(=O)O
3870203,C1=C(C=C(C(=C1[N+](=O)[O-])O)O)[N+](=O)[O-]
4727,CC(C)(C(C(=O)O)N)S
9532,C(CCN)CN.Cl.Cl
4296,C1CN(CCN1)C2=CC=CC(=C2)C(F)(F)F
4971,CC1=C(C2=CC3=NC(=CC4=NC(=CC5=C(C(=C(N5)C=C1N2)C=C)C)C(=C4CCC(=O)O)C)C(=C3C)CCC(=O)O)C=C
3681,CCCCCCCCCCCCCCCCCCOCC(CO)O
3418,C1=CC=C(C(=C1)C(=O)O)OP(=O)(O)O
19379,CN(C)CCOC(=O)COC1=CC=C(C=C1)Cl.Cl
2817,C1=CC2=C(C=CC(=C2N=C1)O)Cl
3552,C1=CC(=CC=C1C(=O)O)S(=O)(=O)N(Cl)Cl
4780,C1=CC=C(C=C1)N=C(N)N=C(N)N
8667,CN(C)CCN(CC1=CC=CS1)C2=CC=CC=N2.Cl
8778,CCCCCCCCCCCCOS(=O)(=O)O
5032,CC(C(C1=CC=CC=C1)O)NC
2272,C1=CC=C(C=C1)N=NC2=CC=CC=C2
8246,CN(C)C(=O)OC1=CC=CC(=C1)[N+](C)(C)C.[Br-]
2155,C1=CSC(=N1)N
4511,C1=C(C=C(C=C1[N+](=O)[O-])[N+](=O)[O-])C(=O)N
3565,CC1=NCCC2=C1NC3=C2C=CC(=C3)O
700653,CC(=O)N[C@@H](CC1=CNC2=CC=CC=C21)C(=O)O
5938,C[N+](C)(C)CCCCCC[N+](C)(C)C.[Br-].[Br-]
6842,C[N+]1=C2C=C(C=CC2=CC3=C1C=C(C=C3)N)N.[Cl-]
4654,C1=CC(=CC=C1CC(C(=O)O)N)F
5380394,C/C=C(/C)\C(=O)O[C@H]1CC[C@]2([C@H]3[C@@]1(O[C@@]24C[C@]5([C@@H]6CN7C[C@H](CC[C@H]7[C@@]([C@]6([C@H](C[C@]5([C@@H]4CC3)O)O)O)(C)O)C)O)O)C
4910,CCCC(C1=CC=CC=C1)(C2=CC=CC=C2)C(=O)OCCN(CC)CC
1917,CN1C2=C(C(=O)N(C1=O)C)NC(=N2)C3CCCC3
3604,C[N+](C)(C)CCCCCC[N+](C)(C)C
5681,C1=CC2=C(C=CC=C2Cl)C(=C1)S(=O)(=O)NCCCCCCN
2770,Cl[Pt]Cl
253,C1C2C(C(S1)CCCCC(=O)O)NC(=O)N2
2122,C=CCSCC1NC2=CC(=C(C=C2S(=O)(=O)N1)S(=O)(=O)N)Cl
5424,C1(=C(C(=O)C(=C(C1=O)O)O)O)O
2741,C1=CC=C2C(=C1)C(=O)C=C(O2)C(=O)O
5037,CC1=C(C(=O)N(N1C)C2=CC=CC=C2)NC(C)C
4930,CC(C)NCC(C1=CC2=CC=CC=C2C=C1)O
5055,CC(=O)OC1=CC=CC(=C1)O
5353357,C1=CC=C(C=C1)C2=CC(=O)C3=CC(=C(C=C3O2)O)O
155107,C1CNCC=C1C(=O)O.Cl
5100,C1=CC(=O)C=CC1=C(C2=CC=C(C=C2)O)C3=CC=C(C=C3)O
3884,CC(=CCC1=C(C2=CC=CC=C2C(=O)C1=O)O)C
92806,CCN(CC)CCOC(=O)C(C1CCCCC1)C2=CC=CC=C2.Cl
67313,C1=CC(=CC=C1CN)S(=O)(=O)N.Cl
7014,C1CCN2C[C@H]3C[C@@H]([C@H]2C1)CN4[C@H]3CCCC4
5702105,CCC(C)CCCCC(=O)NC(CCN)C(=O)NC(C(C)O)C(=O)NC(CCN)C(=O)NC1CCNC(=O)C(NC(=O)C(NC(=O)C(NC(=O)C(NC(=O)C(NC(=O)C(NC1=O)CCN)CC2=CC=CC=C2)CC(C)C)CCN)CCN)C(C)O.OS(=O)(=O)O
2568,C1CC(C1)(C(=O)O)C(=O)O
5702159,CCOC1=C(C=C(C=C1)CC2=NC=CC3=CC(=C(C=C32)OCC)OCC)OCC.Cl
5702167,CN1CCC(=C2C3=CC=CC=C3SC4=CC=CC=C42)CC1.C(=C\C(=O)O)\C(=O)O
54680783,C[C@@H]1[C@H](OC=C2C1=C(C(=C(C2=O)C(=O)O)O)C)C
9539,C(CCNCCCN)CN.Cl.Cl.Cl
198015,CC(CC1=CC(=CC=C1)C(F)(F)F)NCCOC(=O)C2=CC=CC=C2.Cl
161803,C1CN(CCN1CC2=CC3=C(C=C2)OCO3)C(=O)COC4=CC=C(C=C4)Cl.Cl
23663628,C1=CC(=CC=C1C(=O)[O-])N.[K+]
5662,C1CCC(C(C1)N2CCC(CC2)C3=CC=CC=C3)O
294641,C1[C@H](ON=C1Cl)[C@@H](C(=O)O)N
3655,C1CC(C2=C(C3=CC=CC=C3N=C2C1)N)O
442291,C[C@@]12[C@H]3[C@H]4[C@H]([C@@H]([C@@]1(C[C@@H]5[C@]2(O5)C(=O)O3)O)C(=O)O4)C(C)(C)O
2227,C(CCN=C(N)N)CN=C(N)N
108107,C1=CC=C(C=C1)CN=C(N)NC(=O)C2=C(N=C(C(=N2)Cl)N)N
3166,CCN(CC)CCOC(=O)C(C1CCCCC1)C2=CC=CC=C2
4629,C[N+](C)(C)CC#CCN1CCCC1=O
4498,C1CC(CNC1)C(=O)O
3401,C1=CC=C(C=C1)C(C2=CC=C(C=C2)F)(C3=CC=CC=C3F)N4C=CN=C4
64713,CC1=CC(=CC=C1)CN2CCN(CC2)C(C3=CC=CC=C3)C4=CC=C(C=C4)Cl.Cl.Cl
3027782,C[N+](C)(C)CC#CCN1CCCC1=O.[I-]
3450,CC[N+](CC)(CC)CCOC1=C(C(=CC=C1)OCC[N+](CC)(CC)CC)OCC[N+](CC)(CC)CC
3316,CCCCCCOC1=CC=CC=C1C(=O)N
66368,CC(C)NCC(COC1=CC=CC=C1CC=C)O.Cl
6666,C1=CC2=C(C=CC=C2S(=O)(=O)O)C(=C1)S(=O)(=O)O
1984,CC(=O)NC1=CC=C(C=C1)OC(=O)C2=CC=CC=C2O
3624,CC[N+]1=C2C=C(C=CC2=C3C=CC(=CC3=C1C4=CC=CC=C4)N)N
2149,C(C(CN)O)C(=O)O
102484,C1=CC(=CC=C1C(CN)O)O.Cl
2005,CC(=O)NCCCCCC(=O)O
85,C[N+](C)(C)CC(CC(=O)O)O
5334,CC(=O)NC1=CC=C(C=C1)S(=O)(=O)NC2=CC=C(C=C2)[N+](=O)[O-]
5702098,CC(CCC1=CC=CC=C1)NC(C)C(C2=CC=C(C=C2)O)O.Cl
4045,CCN(CC)CCNC(=O)COC1=CC=C(C=C1)OC
197067,COC(=O)[C@@H]1[C@H](CC[C@H]2[C@@H]1C[C@H]3C4=C(CCN3C2)C5=CC=CC=C5N4)O.Cl
3606,CCC(C1=CC=C(C=C1)O)C(CC)C2=CC=C(C=C2)O
5702144,CC1=CC=C(C=C1)N(CC2=NCCN2)C3=CC(=CC=C3)O.Cl
2000,CC(=O)NC(CC1=CC=CC=C1)C(=O)O
5763,CCN(CC)CCOC(=O)C(C1=CC=CC=C1)C2=CC=CC=C2.Cl
102678,CCCCC(CC)CN=C(N)NC(=NCCCCCCN=C(N)NC(=NCC(CC)CCCC)N)N.Cl.Cl
23667627,CC1([C@@H](N2[C@H](S1)[C@@H](C2=O)NC(=O)C3=C(C=CC=C3OC)OC)C(=O)[O-])C.[Na+]
3437,C1=CC(=CN=C1)CC2=CC3=C(C=C2)OC(=C3)C(=O)O
4549,C1=CC=C(C=C1)CCCNC2=C(C=C(C=C2)[N+](=O)[O-])C(=O)O
5358907,CN1CC(C2=C(C1)C(=CC=C2)N)C3=CC=CC=C3.C(=C\C(=O)O)\C(=O)O
861,C1=CC(=C(C=C1OC2=C(C=C(C=C2I)CC(C(=O)O)N)I)I)O
2718,CC(=O)OC1=C2C(=C(C=C1)Cl)C=CC=N2
8520,CCN1CCCC(C1)OC(=O)C(C2=CC=CC=C2)C3=CC=CC=C3.Cl
2090,CCCCC(CC)CN=C(N)NC(=NCCCCCCN=C(N)NC(=NCC(CC)CCCC)N)N
5353792,CC1=C(SC=C1)/C=C/C2=NCCCN2C
5702295,C1=CC=C(C=C1)CN=C(N)NC(=O)C2=C(N=C(C(=N2)Cl)N)N.Cl
1549477,CC(C)C[C@H](C(=O)O)NC(=O)OCC1C2=CC=CC=C2C3=CC=CC=C13
3638,CN1CCC2=CC3=C(C=C2C1O)OCO3
3084246,C1CN(CCN1)C2=CC=CC(=C2)C(F)(F)F.Cl
94175,COC1=CC2=C(C=CN=C2C=C1)[C@H]([C@H]3C[C@@H]4CCN3C[C@@H]4C=C)O
34751,C1=CC=C(C=C1)C(C#N)O[C@H]2[C@@H]([C@H]([C@@H]([C@H](O2)CO[C@H]3[C@@H]([C@H]([C@@H]([C@H](O3)CO)O)O)O)O)O)O
5702093,C[C@]12CCC3[C@H]4CCC(=O)C=C4CCC3C1CC[C@]2(C#C)O
6412,COS(=O)(=O)O
5353639,CC(=CCCC1(C=CC2=C(C3=C(C(=C2O1)CC=C(C)C)OC45C6CC(C=C4C3=O)C(=O)C5(OC6(C)C)C/C=C(/C)\C(=O)O)O)C)C
145825,CC1=NCCC2=C1NC3=C2C=CC(=C3)O.Cl
165542,CS(=O)(=O)O.C1CCN(CC1)CCC(C2=CC=CC=C2)(C3=CC=CC=C3)O
8648,CC(C(C1=CC=CC=C1)O)NC.Cl
5702162,CC(C1=CC=CC=C1)NCCC(C2=CC=CC=C2)C3=CC=CC=C3.Cl
657306,CC[N+]1(CCCC(C1)OC(=O)C(C2=CC=CC=C2)(C3=CC=CC=C3)O)C.[Br-]
212231,C1CCC(C(C1)N2CCC(CC2)C3=CC=CC=C3)O.Cl
452191,C[C@@H]1CC[C@H]2[C@H](C(=O)O[C@H]3[C@@]24[C@H]1CCC(O3)(OO4)C)C
442247,CN1CCC2=CC3=C(C=C2[C@@H]1[C@H]4C5=C(C(=C(C=C5)OC)OC)C(=O)O4)OCO3
3417,CC1C(O1)P(=O)(O)O
2016,C[N+]1=C2C=C(C=CC2=CC3=C1C=C(C=C3)N)N
71580,COC1=CC(=CC(=C1OC)OC)CCN.Cl
2563,CC(CC1=CC(=C(C=C1)O)O)(C(=O)O)NN
5282,CCCCCCCCCCCCCCCCCC(=O)OC(CC(=O)O)C[N+](C)(C)C
4289,C1=CC(=CC=C1C(=O)NCCN)Cl
2215,CN1CCC2=C3C1CC4=C(C3=CC=C2)C(=C(C=C4)O)O
3945,CN1C(CCCC1CC(=O)C2=CC=CC=C2)CC(C3=CC=CC=C3)O
67361,CC[Hg]SC1=CC=CC=C1C(=O)O
5701998,C[C@]12CCC3C(C1CC[C@@H]2O)CCC4=CC(=O)CC[C@]34C
2075,C1=CC(=C(C=C1[N+](=O)[O-])Cl)C(=O)N
32324,CC1([C@@H](N2[C@H](S1)[C@@H](C2=O)NC(=O)[C@H](C3=CC=C(C=C3)O)N)C(=O)O)C
5702293,C1CC(C2=C(C3=CC=CC=C3N=C2C1)N)O.C(=C\C(=O)O)\C(=O)O
168613,CC(C)(C)NC[C@H](COC1=NSN=C1N2CCOCC2)O
657301,CC(C)(C)NCC(C1=CC(=CC(=C1)O)O)O.OS(=O)(=O)O
5702068,CC(=O)OCC(=O)[C@]1(CCC2[C@@]1(C[C@@H](C3C2CCC4=CC(=O)CC[C@]34C)O)C)O
71277,CC[C@@H]1[C@@]([C@@H]([C@H](C(=O)[C@@H](C[C@@]([C@@H]([C@H]([C@@H]([C@H](C(=O)O1)C)O[C@H]2C[C@@]([C@H]([C@@H](O2)C)O)(C)OC)C)O[C@H]3[C@@H]([C@H](C[C@H](O3)C)N(C)C)OC(=O)CC)(C)O)C)C)O)(C)O
637570,CC[C@@]12CCCN3[C@@H]1C4=C(CC3)C5=CC=CC=C5N4[C@@](C2)(C(=O)OC)O
9306,CC(CC1=CC=CC=C1)NC.Cl
2166,CCN(CC)CC1=C(C=C(C=C1)NC2=C3C=CC(=CC3=NC=C2)Cl)O
4135,CC1=C(C=CC(=C1)C(C)(C)CC(C)(C)C)OCCOCC[N+](C)(C)CC2=CC=CC=C2
5932,C1=CC=C(C=C1)N=C(N)N=C(N)N.Cl
5702238,CC1=C(C=CC(=C1)C(C)(C)CC(C)(C)C)OCCOCC[N+](C)(C)CC2=CC=CC=C2.[Cl-]
124887,C1=CC2=C(C=CC=C2Cl)C(=C1)S(=O)(=O)NCCCCCCN.Cl
64740,C[C@@H]1CC(=O)[C@]2([C@@H](O1)O[C@@H]3[C@H]([C@@H]([C@@H]([C@@H]([C@H]3O2)NC)O)NC)O)O.Cl.Cl
4119,CC1=CC(=CC2=C1C(=O)C=C(O2)C3=CC=CC=C3)OC
2978,CCCCCC1=CC(=C2C3C=C(CCC3C(OC2=C1)(C)C)C)O
3288,CC12CCC(=O)C=C1CCC3C2CCC4(C3CCC4(C#C)O)C
5702153,C=C[C@H]1CN2CC[C@H]1C[C@@H]2[C@@H](C3=CC=NC4=CC=CC=C34)O
5701985,CC(=O)O[C@@H]1CC2[C@](C=CC(=O)C2(C)C)(C3[C@@]1([C@]45[C@H](O4)C(=O)O[C@H]([C@@]5(CC3)C)C6=COC=C6)C)C
23663954,C1=CC(=CN=C1)CC2=CC3=C(C=C2)OC(=C3)C(=O)[O-].[Na+]
2825,CCOC(=O)C1C2CCC(N2C)CC1OC(=O)C3=CC=CC=C3
5353646,C1=CC(=C(C(=C1)Cl)/C=N\N=C(N)N)Cl
5702197,CC(=C)[C@@H]1CCC(=CC1)C(=O)O
4087,CC(C(C1=CC(=CC=C1)O)O)N
5702267,C1=CC(=C[N+](=C1)[C@H]2[C@@H]([C@@H]([C@H](O2)COP(=O)([O-])OP(=O)(O)OC[C@@H]3[C@H]([C@H]([C@@H](O3)N4C=NC5=C(N=CN=C54)N)OP(=O)(O)[O-])O)O)O)C(=O)N.[Na+]
5702276,CC1=C(SC=C1)/C=C/C2=NCCCN2C.C(C(=O)O)C(CC(=O)O)(C(=O)O)O
5702080,C[C@H]1CC2C(CC[C@]3(C2CC[C@@]3(C(=O)C)OC(=O)C)C)[C@@]4(C1=CC(=O)CC4)C
12420,C[C@H]1[C@@H]([C@H]([C@H]([C@@H](O1)O[C@H]2C[C@H]([C@@]3(C4[C@@H](C[C@@]5([C@H](CC[C@@]5(C4CC[C@@]3(C2)O)O)C6=CC(=O)OC6)C)O)CO)O)O)O)O
5702228,C[C@@H]1[C@H]([C@H](C[C@@H](O1)O[C@H]2CC[C@]3(C(C2)CCC4C3C[C@H]([C@]5([C@@]4(CC[C@@H]5C6=CC(=O)OC6)O)C)O)C)O)O[C@H]7C[C@@H]([C@@H]([C@H](O7)C)O[C@H]8C[C@@H]([C@@H]([C@H](O8)C)O[C@H]9[C@@H]([C@H]([C@@H]([C@H](O9)CO)O)O)O)OC(=O)C)O
3575,CC1=CCCC2(C1C3C(CC2)C(=C)C(=O)O3)C
60975,CC(C)NCC(C1=CC2=CC=CC=C2C=C1)O.Cl
1549082,C([C@H]1[C@@H]([C@H]([C@@H](C(=O)O1)O)O)O)O
21951,COC(=O)C(CS)N.Cl
2902,CC(C)CC1C(=O)NCC(=O)N1
3862,C1=CN(C=C(C1=O)O)CC(C(=O)O)N
5702031,C[C@]12CCC3C(C1CC[C@]2(C#C)O)CCC4=CC5=C(C[C@]34C)C=NO5
5702010,CN1CCC2=C3C1CC4=C(C3=CC=C2)C(=C(C=C4)O)O.Cl
3990,C1=CC(=CC=C1CC(C(=O)NC(CCCCN)C(=O)O)NC(=O)C(CCCCN)N)O
5360630,C1CC(C1)CN2CC[C@]34C5[C@H](CC[C@]3([C@H]2CC6=C4C(=C(C=C6)O)O5)O)O
3247,CC12CCC3C(=CCC4=C3C=CC(=C4)O)C1CCC2=O
5701996,CO[C@H]1[C@@H](C[C@@H]2CN3CCC4=C([C@@H]3C[C@@H]2[C@@H]1C(=O)OC)NC5=C4C=CC(=C5)OC)OC(=O)C6=CC(=C(C(=C6)OC)OC)OC
119020,C(CCN=C(N)N)CN=C(N)N.OS(=O)(=O)O
2700,CCOC(=O)CCCCCCCCCCCCC1CCC=C1
4366,CN=C(N)NCCCC(C(=O)O)N
3745,CC(C)OC1=CC2=C(C=C1)C(=O)C=C(O2)C3=CC=CC=C3
9065,CC(C(C1=CC=CC=C1)O)N.Cl
5281899,CC[C@H]\1CC[C@@H]2[C@@H]([C@@H]([C@H]([C@@]3(O2)CC[C@H]([C@H](O3)C[C@H](C)O)C)C)OC(=O)/C=C/[C@H]([C@@H]([C@H](C(=O)[C@H]([C@@H]([C@H](C(=O)[C@@]([C@@H]([C@H](C/C=C/C=C1)C)O)(C)O)C)O)C)C)O)C)C
5702158,C[C@]12CC[C@](C[C@@H]1C3=CC(=O)C4[C@]5(CC[C@@H](C(C5CC[C@]4([C@@]3(CC2)C)C)(C)C)O)C)(C)C(=O)O
16367,C1=CC(=C(C=C1N)O)C(=O)O.C1=CN=CC=C1C(=O)NN
83592,CC1=C(C(=O)N(N1C)C2=CC=CC=C2)NC(C)C.Cl
214464,CC(=O)OC1C(SC2=CC=CC=C2N(C1=O)CCN(C)C)C3=CC=C(C=C3)OC.Cl
5702277,C[N+]1(CCCC1)CCCCC[N+]2(CCCC2)C.C(C(C(=O)[O-])O)(C(=O)O)O.C(C(C(=O)[O-])O)(C(=O)O)O
5702223,CN(C)CC/C=C/1\C2=CC=CC=C2SC3=C1C=C(C=C3)Cl.Cl
3021,C1CC(C(OC1CN)OC2C(CC(C(C2O)OC3C(C(C(C(O3)CO)O)N)O)N)N)N
5353338,C1=CC=C2C(=C1)C3=C(N2)C=NC(=C3)CO
3903,CC(C)CC(C(=O)O)NC(=O)C(CC1=CC=CC=C1)NC(=O)CNC(=O)CNC(=O)C(CC2=CC=C(C=C2)O)N
5353532,C1CN(CCN1/C=C/CC2=CC=CC=C2)C(C3=CC=CC=C3)C4=CC=CC=C4
830,C(C(C(=O)O)N)OC(=O)C=[N+]=[N-]
5702174,CC1(O[C@@H]2CC3C4C[C@@H](C5=CC(=O)C=CC5(C4C(CC3([C@@]2(O1)C(=O)CO)C)O)C)F)C
5702200,CC(C)CC(=O)OC1C(C(C(OC1O[C@@H]2C[C@H]([C@H]3CC[C@@]45CC(CC[C@H]4[C@@]3(C2)C)C(=C)[C@@H]5O)C(=O)O)CO)OS(=O)(=O)[O-])OS(=O)(=O)[O-].[K+].[K+]
5282168,CC1=NC=C(C(=N1)N)CN(C=O)/C(=C(\CCOP(=O)(O)O)/SC(=O)C2=CC=CC=C2)/C
38904,C1CC(C1)(C(=O)O)C(=O)O.N.N.[Pt]
54675761,CC(=O)C1=C(C2C3C(CC4=C5C3=CNC5=CC=C4)C(N2C1=O)(C)C)O
5702094,CC(=O)O[C@]1(CCC2[C@@]1(CCC3C2CCC4=CC(=O)CC[C@H]34)C)C#C
5701990,CCC(=O)O[C@H]1CCC2[C@@]1(CCC3C2CCC4=CC(=O)CC[C@]34C)C
135476791,C[N+]1=CC=CC=C1/C=N/O.CS(=O)(=O)[O-]
4040,COC(=O)C(CS)N
5702199,CCCCC[C@@H]1[C@H]([C@@H](OC(=O)[C@H]([C@H](OC1=O)C)NC(=O)C2=C(C(=CC=C2)NC=O)O)C)OC(=O)CC(C)C
23682228,CC[C@H]([C@H]1CC[C@@H]([C@@H](O1)[C@@H](C)[C@@H]([C@H](C)C(=O)[C@H](CC)[C@@H]2[C@H](C[C@H](C3(O2)C=C[C@H]([C@@]4(O3)CC[C@@](O4)(C)[C@H]5CC[C@@]([C@@H](O5)C)(CC)O)O)C)C)O)C)C(=O)[O-].[Na+]
5317221,C[C@]12CCC3C(C1CC[C@@H]2O)CCC4=C3C=CC(=C4)O
16132496,CC(C)CC1C(=O)NC(C(=O)N2CCCC2C(=O)NC(C(=O)NC(C(=O)NC(C(=O)NC(C(=O)NC(C(=O)NC(C(=O)NC(C(=O)N1)CCCN)C(C)C)CC3=CC=C(C=C3)O)CCC(=O)O)CC(=O)O)CC4=CC=CC=C4)CC5=CC=CC=C5)CC6=CC=CC=C6
3001077,C[C@H]1[C@@H]2CC[C@]3(C([C@]2(CC[C@H]1O)C)[C@@H](C[C@@H]\4[C@@]3(C[C@@H](/C4=C(\CCC=C(C)C)/C(=O)O)OC(=O)C)C)O)C
5702036,C[C@@H]1CC2C3CCC4=CC(=O)C=C[C@@]4([C@]3([C@H](C[C@@]2([C@]1(C(=O)COC(=O)C)O)C)O)F)C
40486,C[C@H]1CCC2([C@@H](C[C@H]([C@H](O2)C(C)C(=O)C3=CC=CN3)C)C)O[C@H]1CC4=NC5=C(O4)C=CC(=C5C(=O)O)NC
2307,CCC(=O)OCC(=O)C1(C(CC2C1(CC(C3(C2CCC4=CC(=O)C=CC43C)Cl)O)C)C)OC(=O)CC
24707,C[C@]12CCC3C(C1CC[C@]2(C#C)O)CCC4=C3C=CC(=C4)O
5702134,CC(=O)[C@H]1CCC2[C@@]1(CCC3C2CC=C4[C@@]3(CC[C@@H](C4)O)C)C
5702274,CCC(=O)O[C@@]1([C@H](CC2[C@@]1(C[C@@H]([C@]3(C2CCC4=CC(=O)C=C[C@@]43C)F)O)C)C)C(=O)CCl
2283,CCC(C)C1C(=O)NC(C(=O)NC(C(=O)NC(C(=O)NC(C(=O)NC(C(=O)NC(C(=O)N1)CCCN)CCCCNC(=O)C(C(C)CC)NC(=O)C(CCC(=O)O)NC(=O)C(CC(C)C)NC(=O)C2CSC(=N2)C(C(C)CC)N)CC(=O)N)CC(=O)O)CC3=CN=CN3)CC4=CC=CC=C4
5702042,C[C@@H]1[C@H]([C@H](C[C@@H](O1)O[C@@H]2[C@H](O[C@H](C[C@@H]2O)O[C@@H]3[C@H](O[C@H](C[C@@H]3O)O[C@H]4CC[C@]5([C@@H](C4)CCC6C5C[C@H]([C@]7([C@@]6(CC[C@@H]7C8=CC(=O)OC8)O)C)O)C)C)C)O)O
5702106,C[C@]12C[C@@H](C3C(C1CC[C@@]2(C(=O)CO)O)CCC4=CC(=O)C=C[C@]34C)O
5702132,CC(C)NNC(=O)C1=CC=NC=C1.OS(=O)(=O)O
110823,CC(CC1=CC2=C(C=C1)OCO2)N.Cl
5317223,C[C@]12CCC3C(C1C[C@H]([C@@H]2O)O)CCC4=C3C=CC(=C4)O
5320716,CC(=O)[C@H]1CCC2[C@@]1(CCC3C2CCC4=CC(=O)CC[C@]34C)C
5206924,C1C(=C(N2C(S1)C(C2=O)NC(=O)CC3=CC=CS3)C(=O)[O-])C[N+]4=CC=CC=C4
441373,C1=CC=C(C(=C1)C2=C3C=C(C(=O)C=C3OC4=C(C(=C(C=C24)Br)[O-])[Hg])Br)C(=O)[O-].O.[Na+].[Na+]
5702205,CC(=O)O.C1=CC(=CC=C1CC(C(=O)NC(CCCCN)C(=O)O)NC(=O)C(CCCCN)N)O
5702209,C[N+](C)(C)CC(=O)[O-].Cl
2521,C1=CC=C(C(=C1)C2=C3C=C(C(=O)C=C3OC4=C2C=C(C(=C4)O)CN(CC(=O)O)CC(=O)O)CN(CC(=O)O)CC(=O)O)C(=O)O
8032,C(CS(=O)(=O)O)S(=O)(=O)O
2340,CN1C2CCC1C(C(C2)OC(=O)C3=CC=CC=C3)C(=O)O
94230,CC(=O)N[C@@H](CC1=CNC2=CC=CC=C21)C(=O)N
5702294,CC(=O)N[C@H]1[C@H](C[C@](O[C@@H]1C([C@@H](CO)O)O)(C(=O)O)O)O
517282,CN1C2CCC1C(C(C2)OC(=O)C3=CC=CC=C3)C(=O)OC.Cl
5702170,C[C@H]1[C@@H]([C@H]([C@@H]([C@@H](O1)O[C@H]2CC[C@]3([C@@H](C2)CCC4C3CC[C@]5([C@@]4(CCC5C6=CC(=O)OC6)O)C)C)O)OC)O
54713170,CC1=CC(=C(N1C2=CC=CC=C2)C)/C=C/C3=[N+](C4=C(C=C3)C=C(C=C4)N(C)C)C.C1=CC=C2C(=C1)C=C(C(=C2CC3=C(C(=CC4=CC=CC=C43)C(=O)O)[O-])O)C(=O)O
23665356,CCN1CCN(C(=O)C1=O)C(=O)NC(C2=CC=C(C=C2)O)C(=O)NC3C4N(C3=O)C(=C(CS4)CSC5=NN=NN5C)C(=O)[O-].[Na+]
5702108,C[C@]12CC(=O)C3C(C1CC[C@@]2(C(=O)CO)O)CCC4=CC(=O)C=C[C@]34C
5702136,C[C@]12CCC3C([C@]1(CCC2C4=CC(=O)OC4)O)CC[C@]5([C@@]3(CC[C@@H](C5)O)C=O)O
5702296,CN1CCC[C@H]1C2=CN=CC=C2.C(C(C(=O)O)O)(C(=O)O)O.C(C(C(=O)O)O)(C(=O)O)O
5702072,CCCCCC(=O)O[C@@]1(CCC2[C@@]1(CCC3C2CCC4=CC(=O)CC[C@]34C)C)C(=O)C
88265,C1=CN(C(=O)NC1=O)[C@H]2[C@@H]([C@@H]([C@H](O2)COP(=O)([O-])OP(=O)([O-])OP(=O)(O)[O-])O)O.[Na+].[Na+].[Na+]
5702169,CN1CCC2=C(C1)C3=CC=CC=C3N2CC4=CC=CC=C4.C1=CC2=C(C=CC=C2S(=O)(=O)O)C(=C1)S(=O)(=O)O
5702077,CC(=O)N1CCN(CC1)C2=CC=C(C=C2)OCC3CO[C@](O3)(CN4C=CN=C4)C5=C(C=C(C=C5)Cl)Cl
2611,C1C(=C(N2C(S1)C(C2=O)NC(=O)CC3=CC=CS3)C(=O)O)C[N+]4=CC=CC=C4
2630,CCN1CCN(C(=O)C1=O)C(=O)NC(C2=CC=C(C=C2)O)C(=O)NC3C4N(C3=O)C(=C(CS4)CSC5=NN=NN5C)C(=O)O
5702041,C[C@@H]1[C@H]([C@H](C[C@@H](O1)O[C@@H]2[C@H](O[C@H](C[C@@H]2O)O[C@@H]3[C@H](O[C@H](C[C@@H]3O)O[C@H]4CC[C@]5([C@@H](C4)CCC6C5CC[C@]7([C@@]6(CC[C@@H]7C8=CC(=O)OC8)O)C)C)C)C)O)O
5702265,CC(=O)O[C@H]1[C@H](C2[C@]([C@H](CCC2(C)C)O)([C@@]3([C@@]1(O[C@@](CC3=O)(C)C=C)C)O)C)O
5702001,CCOC(=O)O[C@H]([C@H]1C[C@@H]2CCN1C[C@@H]2C=C)C3=C4C=C(C=CC4=NC=C3)OC
5702173,CC(=O)O[C@H]1CCC2[C@@]1(CCC3C2CCC4=C3C=CC(=C4)OC(=O)C)C
458517,CC(C(=O)C1=CC=CC=C1)NC.Cl
2004,CCOC(=O)C(CC1=CC=C(C=C1)O)NC(=O)C
5702250,CCCCCCCCCCCCCCCCCC(=O)OC(CC(=O)O)C[N+](C)(C)C.[Cl-]
2615,CN1C(=NN=N1)SCC2=C(N3C(C(C3=O)NC(=O)C(C4=CC=CC=C4)OC=O)SC2)C(=O)O
5702048,CC[C@H]1CN2CCC3=CC(=C(C=C3C2C[C@@H]1CC4C5=CC(=C(C=C5CCN4)OC)OC)OC)OC
6602440,C[C@H](CCC(=O)O)[C@H]1CCC2[C@@]1(C(=O)CC3C2C(=O)CC4[C@@]3(CCC(=O)C4)C)C
5702181,C[C@H](CCC(=O)O)[C@H]1CCC2[C@@]1(CCC3C2[C@@H](C[C@H]4[C@@]3(CC[C@H](C4)O)C)O)C
23669253,CN1C(=NN=N1)SCC2=C(N3C(C(C3=O)NC(=O)C(C4=CC=CC=C4)OC=O)SC2)C(=O)[O-].[Na+]
5702244,C1=CN(C(=O)N=C1N)C2[C@@H]([C@@H]([C@H](O2)CO)O)O
6708469,CN1C(=NN=N1)SCC2=C(N3C([C@@](C3=O)(NC(=O)CSCC#N)OC)SC2)C(=O)O
5507,CC1=C(C=CC(=C1)NC2=CC=CC=C2C(=O)O)Cl
114682,C1=CN(C(=O)N=C1N)C2[C@H]([C@@H]([C@H](O2)CO)O)O
6602450,CC[C@H]([C@H]1CC[C@@H]([C@@H](O1)[C@@H](C)[C@@H]([C@H](C)C(=O)[C@H](CC)[C@@H]2[C@H](C[C@H](C3(O2)C=C[C@H]([C@@]4(O3)CC[C@@](O4)(C)[C@H]5CC[C@@]([C@@H](O5)C)(CC)O)O)C)C)O)C)C(=O)O
5702189,CC1C(O1)P(=O)([O-])[O-].[Ca+2]
5702175,CC12CCC3C(C1C[C@H]([C@@H]2O)O)CCC4=C3C=CC(=C4)OCC5=CC=CC=C5
4363,CC(C(=O)O)NC(=O)C(CCSC)NC=O
107130,CCCCCC(C)N.OS(=O)(=O)O
5702095,C[C@]12CCC3C(C1CC[C@]2(C#C)O)CCC4=C3CCC(=O)C4
5702211,C1[C@H]([C@H](OC1N2C=C(C(=O)NC2=O)F)CO)O
5702034,CC(=O)OCC(=O)[C@H]1CCC2[C@@]1(CCC3C2CCC4=CC(=O)CC[C@]34C)C
3037037,C[C@H](CCC(=O)O)[C@H]1CCC2[C@@]1(CCC3C2[C@H](C[C@H]4[C@@]3(CC[C@H](C4)O)C)O)C
5320346,C[C@]12CCC(=O)C=C1CCC3C2[C@H](C[C@]4(C3CC[C@@]4(C(=O)CO)O)C)O
5702258,CC[C@H]1[C@H]([C@@H]([C@@H](C(O1)OC(C2=CN=CN2)C(C(=O)NC(C)C(C(C)C(=O)NC(C(C)O)C(=O)NCCC3=NC(=CS3)C4=NC(=CS4)C(=O)NCCCCN=C(N)N)O)NC(=O)C5=C(C(=NC(=N5)C(CC(=O)N)NCC(C(=O)N)N)N)C)O[C@@H]6[C@H]([C@H]([C@@H]([C@H](O6)CO)O)OC(=O)N)O)C)C
5701997,CN1CC(C[C@@H]2C1CC3=CN(C4=CC=CC2=C34)C)CNC(=O)OCC5=CC=CC=C5
5702125,C[C@]12C[C@@H]([C@]3(C(C1C[C@H]([C@@]2(C(=O)CO)O)O)CCC4=CC(=O)C=C[C@@]43C)F)O
5702166,C[C@H]1[C@@H]([C@H]([C@@H]([C@H](O1)O[C@H]2CC[C@]3([C@@H](C2)CCC4C3CC[C@]5([C@@]4(CC[C@@H]5C6=CC(=O)OC6)O)C)C=O)O)OC)O
5702178,C[C@@H]1CC2C3C[C@@H](C4=CC(=O)C=C[C@@]4([C@]3([C@H](C[C@@]2([C@]1(C(=O)CO)O)C)O)F)C)F
5702239,C1CC1CN2CCC34[C@@H]5C(=O)CC[C@]3([C@H]2CC6=C4C(=C(C=C6)O)O5)O
5702287,C[C@]12CC[C@](C[C@H]1C3=CC(=O)C4[C@]5(CC[C@@H](C(C5CC[C@]4([C@@]3(CC2)C)C)(C)C)O)C)(C)C(=O)O
5702040,CN1CC[C@@]23CCCC[C@H]2[C@@H]1CC4=C3C=C(C=C4)OC
5702028,CC(=O)OCC(=O)[C@]1(CCC2[C@@]1(CC(=O)C3C2CCC4=CC(=O)CC[C@]34C)C)O
6398668,CC(=O)OCC1=C(N2C([C@@H](C2=O)NC(=O)CCCC(C(=O)O)N)SC1)C(=O)O
5702288,CN1CC[C@]23[C@@H]4[C@H](C=CC2[C@H]1CC5=C3C(=C(C=C5)OC)O4)O
4573,C1=CC=C(C=C1)COCC(C(=O)O)N
3273,CC(=O)OC1=CC2=C(C=C1)C3CCC4(C(C3CC2)CCC4=O)C
4105,CC(C)CC(C(=O)NC(CC1=CC=CC=C1)C(=O)O)NC(=O)C(CCSC)N
5702253,C1CNCC2=C1C(=O)NO2.Cl
2080,CC(C(=O)NC(CC1=CC=CC=C1)C(=O)O)N
6708463,CCN1C[C@@]2([C@@H](CC([C@]34[C@H]1[C@H]([C@@H](C23)OC)[C@]5([C@H]([C@@H]([C@]6(CC4C5[C@H]6OC(=O)C7=CC=CC=C7)O)OC)O)OC(=O)C)OC)O)COC
2773,CC(=O)NC1C(=O)CCS1
5702128,CC(CN1C2=CC=CC=C2SC3=CC=CC=C31)CN(C)C.C(C(C(=O)O)O)(C(=O)O)O
3141,CC(CC1=CC(=CC=C1)O)CNCCC2=CC(=C(C=C2)O)O
6420047,CC(=O)O.C1=CC(=C(C(=C1)Cl)/C=N\N=C(N)N)Cl
155578,C1=CC(=CC=C1C[C@@H](C(=O)N[C@H](CCCN=C(N)N)C(=O)O)N)O
5353398,C1=CC(=CC(=C1)O)/C=C(\C#N)/C(=O)O
3107,CCC(C)C(C(=O)N1CCCC1C(=O)NC(C(C)CC)C(=O)O)N
5702206,CC(=O)O.CN=C(N)NCCCC(C(=O)O)N
5702236,CC(C)(CC1=CC=CC=C1)NC.OS(=O)(=O)O
5702008,CCN(CC)CC1=C(C=C(C=C1)NC2=C3C=CC(=CC3=NC=C2)Cl)O.Cl.Cl
5702140,COC(=O)C1[C@H](CC[C@@H]2[C@@H]1C[C@H]3C4=C(CCN3C2)C5=CC=CC=C5N4)O
5702172,C[C@]12CCC(=O)C=C1[C@H](CC3C2[C@H](C[C@]4(C3C[C@@H]5[C@]4(OC(O5)(C)C)C(=O)CO)C)O)F
5702065,CN1[C@H]2CCC1CC(C2)OC(=O)C(C3=CC=CC=C3)O
23673309,CCN1CCN(C(=O)C1=O)C(=O)NC(C2=CC=CC=C2)C(=O)N[C@H]3[C@@H]4N(C3=O)[C@H](C(S4)(C)C)C(=O)[O-].[Na+]
5702286,CC[C@H](C)C(=O)O[C@H]1CCC=C2[C@H]1C([C@H](C=C2)C)CCC3C[C@H](CC(=O)O3)O
5702003,CC1=C(C(=O)C2=C(C1=O)N3CC4[C@H]([C@]3([C@H]2COC(=O)N)OC)N4)N
5702126,C[C@]12C[C@@H]([C@]3(C(C1C[C@@H]4[C@]2(OC(O4)(C)C)C(=O)CO)CCC5=CC(=O)C=C[C@@]53C)F)O
5702233,CC1(O[C@@H]2CC3C4CCC5=CC(=O)CCC5(C4(C(CC3([C@@]2(O1)C(=O)CCl)C)O)F)C)C
5702227,C1=CC=C2C(=C1)C=C(C(=C2CC3=C(C(=CC4=CC=CC=C43)C(=O)O)O)O)C(=O)O.C1=CC(=CC(=C1)N)C(=C2C=CC(=N)C=C2)C3=CC(=CC=C3)N
5702049,CNC[C@H](C1=CC(=C(C=C1)O)O)O.C(C(C(=O)O)O)(C(=O)O)O
5702081,C[C@H]1CC2C3CC[C@@H]([C@]3(C[C@@H](C2[C@@]4(C1=CC(=O)CC4)C)O)C)C(=O)C
6398673,C[C@]12CCC3C(C1CC[C@H]2O)CCC4=C3C=CC(=C4)OS(=O)(=O)O
6602441,C[C@@H]1CC2C3CCC4=CC(=O)C=C[C@@]4([C@]3([C@H](C[C@@]2([C@]1(C(=O)COP(=O)(O)O)O)C)O)F)C
5702249,C1CCN(C1)CC#CCN2CCCC2=O.C(=C/C(=O)O)\C(=O)O
163332,CCCCC(=O)O[C@H]1CCC2[C@@]1(CCC3C2CCC4=C3C=CC(=C4)O)C
5702084,C[N+]1(C2CC(CC1C3C2O3)OC(=O)[C@@H](CO)C4=CC=CC=C4)C
5702135,C1CN2CC3=CCOC4CC(=O)N5C6[C@H]4[C@H]3CC2[C@@]61C7=CC=CC=C75
5702085,C[C@H]1CC2C3CC[C@@]([C@]3(C[C@@H](C2[C@@]4(C1=CC(=O)C=C4)C)O)C)(C(=O)CO)O
4084,CC1(C(N2C(S1)C(C2=O)NC(=O)C(C3=CC=CC=C3)N=C)C(=O)O)C
5702069,C[C@]12CCC(=O)C=C1CCC3C2[C@H](C[C@]4(C3CC[C@@]4(C(=O)COC(=O)CCC(=O)O)O)C)O
5702107,CC(=O)OCC(=O)[C@]1(CCC2[C@@]1(C[C@@H](C3C2CCC4=CC(=O)C=CC34C)O)C)O
6398677,CC1(C(N2[C@H](S1)[C@@H](C2=O)NC(=O)[C@@H](C3=CC=CC=C3)NC(=O)N4CCNC4=O)C(=O)O)C
5702148,CCCC1O[C@@H]2CC3C4CCC5=CC(=O)C=CC5(C4[C@H](CC3([C@@]2(O1)C(=O)CO)C)O)C
5702109,CCC(=O)C1=CC2=C(C=C1)SC3=CC=CC=C3N2CC(C)N(C)C.C(=C\C(=O)O)\C(=O)O
308141,CC[C@]1(C[C@@H](C2=C(C3=C(C=C2[C@H]1C(=O)OC)C(=O)C4=C(C3=O)C(=CC=C4)O)O)OC5CC(C(C(O5)C)OC6CC(C(C(O6)C)OC7CCC(=O)C(O7)C)O)N(C)C)O
3266,CCC(=O)OC1CCC2C1(CCC3C2CCC4=C3C=CC(=C4)O)C
2614,CN1C(=NN=N1)SCC2=C(N3C(C(C3=O)NC(=O)C(C4=CC=CC=C4)O)SC2)C(=O)O
5702051,C[C@]12CCC3C(C1CC[C@@H]2OC(=O)CCC4CCCC4)CCC5=C3C=CC(=C5)O
5702210,CCCC(=O)NC1=C2C(=NC=N1)N(C=N2)C3[C@@H]([C@H]4[C@H](O3)COP(=O)(O4)O)OC(=O)CCC
6602445,CCN1CCN(C(=O)C1=O)C(=O)NC(C2=CC=CC=C2)C(=O)N[C@H]3[C@@H]4N(C3=O)[C@H](C(S4)(C)C)C(=O)O
6602447,C[C@]12CC[C@](C[C@H]1C3=CC(=O)C4[C@]5(CC[C@@H](C(C5CC[C@]4([C@@]3(CC2)C)C)(C)C)OC(=O)CCC(=O)O)C)(C)C(=O)O
6327770,C1C=CC=[N+](C1=S)O.C1=CC(=S)N(C=C1)O.[Zn]
23698465,C1=CC=C(C(=C1)C(=O)O)[O-].[Na+]
5702114,CN1[C@H]2CC(CC1C3[C@@H]2O3)OC(=O)[C@H](CO)C4=CC=CC=C4
5702266,CC(=O)OCC(=O)[C@@]12[C@@H](CC3[C@@]1(C[C@@H]([C@]4(C3CCC5=CC(=O)C=C[C@@]54C)F)O)C)OC6(O2)CCCC6
5702225,CC(CC1=CC(=CC=C1)O)CNCCC2=CC(=C(C=C2)O)O.Cl
4364,CC(C)CC(C(=O)NC(CC1=CC=CC=C1)C(=O)O)NC(=O)C(CCSC)NC=O
5702055,C[C@@H]1CC2C3C[C@@H](C4=CC(=O)C=C[C@@]4([C@]3([C@H](C[C@@]2([C@]1(C(=O)COC(=O)C(C)(C)C)O)C)O)F)C)F
5702124,C1[C@H](C1N)C2=CC=CC=C2
5702215,CC(CNC(=O)C1=CC=CC=C1)C(=O)OCC(=O)[C@@]23[C@@H](CC4[C@@]2(C[C@@H]([C@]5(C4CCC6=CC(=O)C=C[C@@]65C)F)O)C)OC(O3)(C)C
16760684,C1=CC(=C(C=C1OC2=C(C=C(C=C2I)CC(C(=O)[O-])N)I)I)O.[Na+]
23677959,CC1([C@@H](N2[C@H](S1)C(C2=O)N3C(=O)[C@H](NC3(C)C)C4=CC=CC=C4)C(=O)[O-])C.[K+]
6602444,CC1=C(C(=NO1)C2=CC=CC=C2)C(=O)NC3[C@@H]4N(C3=O)[C@H](C(S4)(C)C)C(=O)O
3980184,C1=CC(=CC(=C1)N)C(=C2C=CC(=N)C=C2)C3=CC(=CC=C3)N
5701992,C[C@]12CC[C@@](C[C@H]1[C@@]3(CC[C@@]4(C(=CC=C5C4=CC(=O)C(=C5)O)[C@]3(CC2)C)C)C)(C)C(=O)O
5702251,C1=CC(=CC=C1C(=O)NCCN)Cl.Cl
74119,CC(CC(=O)O)(CC(=O)O)C(=O)O
5702254,C[C@]12CCC3C(C1CCC2=O)CCC4=C3C=CC(=C4)OC(=O)CCC(=O)O
13389383,CCC1(C(=O)NC(=O)[N-]C1=O)CCC(C)C.[Na+]
5702146,C[C@H]1[C@@H]([C@H]([C@H](C(O1)OC2=C(OC3=CC(=CC(=C3C2=O)O)O)C4=CC(=C(C=C4)O)O)O)O)O
5702213,CC1(O[C@@H]2[C@H]([C@H](OC2O1)C(CO)O)OCCCN(C)C)C
5702090,C=CCN1CC[C@]23C4C(=O)CC[C@]2([C@H]1CC5=C3C(=C(C=C5)O)O4)O
816,C1C(C(C(C(C1N)OC2C(C(C(C(O2)CO)O)N)O)O)OC3C(C(C(C(O3)CN)O)O)N)N
5702208,CCC(C)[C@@H]1[C@H](C=C[C@@]2(O1)C[C@@H]3C[C@H](O2)C/C=C(/[C@H]([C@H](/C=C/C=C/4\CO[C@H]5[C@@]4([C@@H](C=C([C@H]5O)C)C(=O)O3)O)C)OC6C[C@@H](C([C@@H](O6)C)O[C@H]7C[C@@H]([C@H]([C@@H](O7)C)O)OC)OC)\C)C
286947,C(=N)(N)N.C(=O)(O)O
5702074,CC(C)[N+]1([C@@H]2CCC1CC(C2)OC(=O)C(CO)C3=CC=CC=C3)C
5702226,C[C@@H]1[C@H]([C@@H]([C@@H]([C@H](O1)OC[C@@H]2[C@H]([C@@H]([C@H]([C@@H](O2)OC3=CC(=C4C(=C3)OC(=CC4=O)C5=CC(=C(C=C5)OC)O)O)O)O)O)O)O)O
5702147,CC1CCC2(C(C3C(O2)CC4[C@@]3(C(=O)CC5C4CC[C@@H]6[C@@]5(CC[C@@H](C6)O)C)C)C)OC1
4092,CC(C[N+](C)(C)C)C(=O)OC
5702086,CC(C)NCC(COC1=CC=C(C=C1)CCOC)O.C(C(C(=O)O)O)(C(=O)O)O
3201,CCC1=CN(C(=O)NC1=O)C2C(C(CO2)O)CO
5702067,C[N+]1([C@H]2CCC1CC(C2)OC(=O)C(C3=CC=CC=C3)O)C
5702030,CC(=O)[C@]1(CCC2[C@@]1(CCC3C2C=C(C4=CC(=O)[C@@H]5C[C@@H]5[C@]34C)Cl)C)OC(=O)C
5702145,C[C@H]1[C@@H]([C@H]([C@H]([C@@H](O1)OC2[C@H](C([C@H](O[C@H]2OC3=CC(=C(C(=C3)O)C(=O)CCC4=CC(=C(C=C4)OC)O)O)CO)O)O)O)O)O
5702237,CC(C(C1=CC(=CC=C1)O)O)N.C(C(C(=O)O)O)(C(=O)O)O
5701993,COC(=O)/C(=C\1/C(=O)C(C(=O)O1)C2=CC=CC=C2)/C3=CC=CC=C3
23682217,C[C@H](CCC(=O)[O-])[C@H]1CCC2[C@@]1(C(=O)CC3C2C(=O)CC4[C@@]3(CCC(=O)C4)C)C.[Na+]
5702270,CCCCCCCCCCCCOS(=O)(=O)O.CC[C@@H]1[C@@]([C@@H]([C@H](C(=O)[C@@H](C[C@@]([C@@H]([C@H]([C@@H]([C@H](C(=O)O1)C)O[C@H]2C[C@@]([C@H]([C@@H](O2)C)O)(C)OC)C)O[C@H]3[C@@H]([C@H](C[C@H](O3)C)N(C)C)O)(C)O)C)C)O)(C)O
5702037,C[C@@H]1CC2C3CCC4=CC(=O)C=C[C@@]4([C@]3([C@H](C[C@@]2([C@]1(C(=O)COP(=O)([O-])[O-])O)C)O)F)C.[Na+].[Na+]
5702058,C[C@H]1CC2C3CC[C@@]([C@]3(C[C@@H]([C@@]2(C4(C1=CC(=O)C=C4)C)F)O)C)(C(=O)C)O
5702116,C[C@@]1(CO[C@@H](C([C@H]1NC)O)O[C@H]2[C@@H](C[C@@H]([C@H]([C@@H]2O)O[C@@H]3[C@@H](CC=C(O3)CN)N)N)N)O
5702120,C[C@H]1[C@@](C([C@@H](O1)O[C@@H]2[C@H]([C@@H]([C@H]([C@@H]([C@H]2O)O)N=C(N)N)O)N=C(N)N)O[C@H]3[C@H]([C@@H]([C@H]([C@@H](O3)CO)O)O)NC)(C=O)O
5702164,CN(C)C1=NC=NC2=C1N=CN2C3[C@@H]([C@@H]([C@H](O3)CO)NC(=O)[C@H](CC4=CC=C(C=C4)OC)N)O
5702280,C1[C@H]([C@@H](C([C@@H]([C@H]1N)O[C@@H]2[C@@H]([C@H]([C@@H]([C@H](O2)CN)O)O)N)O[C@H]3[C@@H]([C@@H]([C@H](O3)CO)O)O)O)N
5702139,COC(=O)C1[C@H](CC[C@@H]2[C@@H]1C[C@H]3C4=C(CCN3C2)C5=CC=CC=C5N4)O.Cl
9601224,CN1C(=NC(=O)C(=N1)[O-])SCC2=C(N3[C@@H](C(C3=O)NC(=O)/C(=N\OC)/C4=CSC(=N4)N)SC2)C(=O)[O-].[Na+].[Na+]
5702043,CC1[C@@](C([C@@H](O1)O[C@@H]2[C@H]([C@@H]([C@H]([C@@H]([C@H]2O)O)N=C(N)N)O)N=C(N)N)OC3[C@H](C(C(C(O3)CO)O)O)NC)(CO)O.OS(=O)(=O)O
2836,CCC(C)C1C(=O)NC(C(=O)NC(C(=O)NC(C(=O)NC(C(=O)NCCC(C(=O)NC(C(=O)N1)CCNCS(=O)(=O)O)NC(=O)C(CCNCS(=O)(=O)O)NC(=O)C(C(C)O)NC(=O)C(CCNCS(=O)(=O)O)NC(=O)CCCCC(C)C)C(C)O)CCNCS(=O)(=O)O)CCNCS(=O)(=O)O)C(C)CC
5702004,C1=NC(=C2C(=N1)N(C=N2)C3C([C@H](C(O3)CO)O)O)N
5702026,CCC[C@@H]1C[C@H](N(C1)C)C(=O)NC(C2[C@@H]([C@@H]([C@H]([C@H](O2)SC)O)O)O)C(C)Cl
5702240,CCCC(=O)O[C@@]1(CCC2[C@@]1(C[C@@H](C3[C@H]2CCC4=CC(=O)CC[C@]34C)O)C)C(=O)CO
23675643,CN1C(=NN=N1)SCC2=C(N3C(C(C3=O)NC(=O)C(C4=CC=CC=C4)O)SC2)C(=O)[O-].[Na+]
23682216,CC1=C(C(=NO1)C2=CC=CC=C2)C(=O)NC3[C@@H]4N(C3=O)[C@H](C(S4)(C)C)C(=O)[O-].[Na+]
23682214,CC1(C(N2C(S1)C(C2=O)NC(=O)C(C3=CC=CC=C3)N=C)C(=O)[O-])C.[Na+]
5702202,CC(C)CC(C(=O)NC(CC1=CC=CC=C1)C(=O)O)NC(=O)C(CCSC)N.CC(=O)O
135411649,C1C2=C3C(=C(OC4=C3C(=C1O)C=C(C4=O)O)O)C=C(C2=O)O
5702127,CC(=O)OCC(=O)[C@]1([C@@H](CC2[C@@]1(C[C@@H]([C@]3(C2CCC4=CC(=O)C=C[C@@]43C)F)O)C)OC(=O)C)O
5702015,CC(C)CC1C(=O)N2CCC[C@H]2C3(N1C(=O)[C@](O3)(C(C)C)NC(=O)C4CN([C@@H]5CC6=C(NC7=CC=CC(=C67)C5=C4)Br)C)O
23670317,CO/N=C(\C1=CC=CO1)/C(=O)NC2C3N(C2=O)C(=C(CS3)COC(=O)N)C(=O)[O-].[Na+]
4365,CSCCC(C(=O)NC(CC1=CC=CC=C1)C(=O)O)NC=O
5702079,CCC[C@@H]1C[C@H](N(C1)C)C(=O)N[C@H]([C@@H]2[C@@H]([C@@H]([C@H]([C@H](O2)SC)O)O)O)[C@H](C)O
135476790,C[C@@H]1[C@H](/C=C/O[C@@]2(C(=O)C3=C(O2)C(=C(C4=C(C(=C(C(=C43)O)C=NN5CCN(CC5)C)NC(=O)/C(=C\C=C\C([C@@H]([C@H]([C@H]([C@H]([C@H]1OC(=O)C)C)O)C)O)C)/C)O)O)C)C)OC
23682223,CN1C(=NN=N1)SCC2=C(N3C([C@@](C3=O)(NC(=O)CSCC#N)OC)SC2)C(=O)[O-].[Na+]
5701988,CC[C@]1(C[C@@H](C2=C(C3=C(C=C2[C@H]1C(=O)OC)C(=O)C4=C(C3=O)C(=CC=C4)O)O)O[C@H]5C[C@@H]([C@@H]([C@@H](O5)C)O)N(C)C)O.Cl
5702076,CC(COC1=CC=CC=C1)NC(C)[C@@H](C2=CC=C(C=C2)O)O
5702183,C1C(=C(N2C(S1)C(C2=O)NC(=O)C(C3=CC=CC=C3)S(=O)(=O)[O-])C(=O)[O-])C[N+]4=CC=C(C=C4)C(=O)N.[Na+]
1996,CC(=O)OC(CC(=O)O)[N+](C)(C)C
5716,CC(C)C(C(=O)NC(C)C(=O)NC(CC(=O)O)C(=O)OC(F)F)NC(=O)OCC1=CC=CC=C1
5701989,C[C@]12CC[C@H](C[C@H]1CCC3C2CC[C@]4(C3CCC4=O)C)O
5420916,C1=CC(=O)OC2=CC(=C(C=C21)O[C@@H]3[C@@H]([C@H]([C@@H]([C@H](O3)CO)O)O)O)O
5702002,C/C=C(/C)\C(=O)O[C@H]1CC[C@]2([C@H]3[C@@]1(O[C@@]24C[C@]5([C@@H]6CN7C[C@H](CC[C@H]7[C@@]([C@]6([C@H](C[C@]5([C@@H]4CC3)O)O)O)(C)O)C)O)O)C.OS(=O)(=O)O
23682226,CC[C@]1(CC[C@@H](O1)[C@@]2(CCC3(O2)C[C@@H]([C@H]([C@H](O3)[C@H](C)[C@H]([C@H](C)C(=O)[O-])OC)C)O)C)C4[C@H](C[C@@H](O4)C5[C@H](C[C@H]([C@@](O5)(CC)O)C)C)C.[Na+]
3313,CC1C(CCC(N1C)(C)C)OC(=O)C(C2=CC=CC=C2)O
5702278,CCC(C)C(=O)O[C@H]1[C@@H](C2C(CN3CC(CCC3[C@@]2(C)O)C)C4[C@@]1(C5[C@@H](C(C6[C@]7([C@]5(C4)O[C@@]6(C(CC7)OC(=O)C(C)(CC)O)O)C)OC(=O)C)OC(=O)C)O)O
5702241,C[C@@H]1CC2C3C[C@@H](C4=CC(=O)C=CC4(C3([C@H](CC2(C1C(=O)COC(=O)C(C)(C)C)C)O)F)C)F
6602448,CC(C)CC(=O)OC1C(C(C(OC1O[C@@H]2C[C@H]([C@H]3CC[C@@]45CC(CC[C@H]4[C@@]3(C2)C)C(=C)[C@@H]5O)C(=O)O)CO)OS(=O)(=O)O)OS(=O)(=O)O
2079,CC(C)CC(C(=O)O)NC(=O)CCN
5702138,CC[C@H]1[C@H]2CC3[C@H]4[C@@]5(C[C@@H](C2C5O)N3[C@@H]1O)C6=CC=CC=C6N4C
6602443,CCOC1=C(C2=CC=CC=C2C=C1)NC(=O)[C@H]3[C@@H]4N(C3=O)C(C(S4)(C)C)C(=O)O
5702044,CC1[C@@](C([C@@H](O1)O[C@@H]2[C@H]([C@@H]([C@H]([C@@H]([C@H]2O)O)N=C(N)N)O)N=C(N)N)OC3[C@H](C(C(C(O3)CO)O)O)NC)(CO)O
5702264,C/C=C(\C)/C(=O)O[C@H]1C[C@H]([C@]2(CO[C@@H]3C2[C@]14CO[C@@]([C@H]4[C@]([C@@H]3O)(C)C56[C@@H]7C[C@H]([C@@]5(O6)C)[C@]8(C=COC8O7)O)(C(=O)OC)O)C(=O)OC)OC(=O)C
5702014,CC(C)CC1C(=O)N2CCC[C@H]2C3(N1C(=O)[C@](O3)(C(C)C)NC(=O)C4CN([C@@H]5CC6=C(NC7=CC=CC(=C67)C5=C4)Br)C)O.CS(=O)(=O)O
5702113,CN1[C@H]2CC(CC1C3[C@@H]2O3)OC(=O)[C@H](CO)C4=CC=CC=C4.Br
2649,C1C(=C(N2C(S1)C(C2=O)NC(=O)C(C3=CC=CC=C3)S(=O)(=O)O)C(=O)O)C[N+]4=CC=C(C=C4)C(=O)N
68633,CC1([C@@H](N2[C@H](S1)C(C2=O)N3C(=O)[C@H](NC3(C)C)C4=CC=CC=C4)C(=O)O)C
6708465,CC[C@H](C1[C@H](CC(O1)(CC)C2CC[C@@]([C@@H](O2)C)(CC)O)C)C(=O)C(C)[C@H]([C@H](C)CCC3=C(C(=C(C=C3)C)O)C(=O)O)O
414566,CC[N+](C)(C)CC1=CC=C(C=C1)Br
5702163,CN(C)C1=NC=NC2=C1N=CN2C3[C@@H]([C@@H]([C@H](O3)CO)NC(=O)[C@H](CC4=CC=C(C=C4)OC)N)O.Cl.Cl
23682222,CC1(C(N2[C@H](S1)[C@@H](C2=O)NC(=O)[C@@H](C3=CC=CC=C3)NC(=O)N4CCNC4=O)C(=O)[O-])C.[Na+]
23682225,CC[C@H](C1[C@H](CC(O1)(CC)C2CC[C@@]([C@@H](O2)C)(CC)O)C)C(=O)C(C)[C@H]([C@H](C)CCC3=C(C(=C(C=C3)C)O)C(=O)[O-])O.[Na+]
3032401,C1CN=C(NC1C2C(=O)NCC(C(=O)NC(C(=O)NC(C(=O)N/C(=C\NC(=O)N)/C(=O)N2)CNC(=O)CC(CCCN)N)CO)N)N
23682213,C[C@]12CCC3C(C1CC[C@H]2O)CCC4=C3C=CC(=C4)OS(=O)(=O)[O-].[Na+]
3010922,C1=CC2=C(C(=C1)O)C(=O)C3=C(C2O[C@H]4[C@@H]([C@H]([C@@H]([C@H](O4)CO)O)O)O)C=C(C=C3O)CO
5702000,CC1C=C(C(=O)[C@]2([C@H]1C[C@@H]3[C@@]4(C2C(=O)C(=C([C@@H]4CC(=O)O3)C)OC)C)C)OC
5702007,C1[C@@H]([C@H]([C@@H]([C@H]([C@@H]1NC(=O)[C@@H](CCN)O)O[C@@H]2C([C@H]([C@@H]([C@H](O2)CO)O)N)O)O)O[C@@H]3[C@@H]([C@H]([C@@H]([C@H](O3)CN)O)O)O)N
5702263,C[C@H]1CC[C@]2(C[C@@H]3C[C@H](O2)C/C=C(/[C@H]([C@H](/C=C/C=C/4\CO[C@H]5[C@@]4([C@@H](C=C(C5)C)C(=O)O3)O)C)OC6C[C@@H](C([C@@H](O6)C)O)OC)\C)O[C@@H]1C7CCCCC7
4069,C1=CC=C(C(=C1)C2=C3C=C(C(=O)C=C3OC4=C(C(=C(C=C24)Br)O)[Hg])Br)C(=O)O
5702047,CC[C@H]1CN2CCC3=CC(=C(C=C3C2C[C@@H]1CC4C5=CC(=C(C=C5CCN4)OC)OC)OC)OC.Cl.Cl
19738,CC12CCC(=O)C=C1CCC3C2C(CC4(C3CC[C@@]4(C(=O)COP(=O)(O)O)O)C)O
5701999,C[C@H]1[C@@H]([C@H]([C@H]([C@H](O1)OC[C@@H]2[C@H]([C@@H]([C@H]([C@@H](O2)OC3=CC(=C4C(=O)C[C@H](OC4=C3)C5=CC(=C(C=C5)OC)O)O)O)O)O)O)O)O
5702219,CCOC(=O)OC(C)OC(=O)C1C(SC2N1C(=O)C2NC(=O)[C@@H](C3=CC=CC=C3)N)(C)C
5702275,CC(=O)[C@]1(CCC2[C@@]1(CCC3C2C=C(C4=CC(=O)[C@@H]5CC5[C@]34C)Cl)C)O
5702027,CCC(C)C1C(=O)NC(C(=O)NC(C(=O)NC(C(=O)NC(C(=O)NCCC(C(=O)NC(C(=O)N1)CCNCS(=O)(=O)[O-])NC(=O)C(CCNCS(=O)(=O)[O-])NC(=O)C(C(C)O)NC(=O)C(CCNCS(=O)(=O)[O-])NC(=O)CCCCC(C)C)C(C)O)CCNCS(=O)(=O)[O-])CCNCS(=O)(=O)[O-])C(C)CC.[Na+].[Na+].[Na+].[Na+].[Na+]
5702123,C1[C@H](C1N)C2=CC=CC=C2.OS(=O)(=O)O
5702203,CC(=O)O.C1=CC(=CC=C1C[C@@H](C(=O)N[C@H](CCCN=C(N)N)C(=O)O)N)O
5702092,C1[C@H]([C@@H]([C@H]([C@@H]([C@H]1N)OC2[C@@H]([C@H]([C@@H]([C@H](O2)CN)O)O)N)OC3[C@@H]([C@@H]([C@H](O3)CO)O[C@@H]4[C@@H]([C@H]([C@@H]([C@@H](O4)CN)O)O)N)O)O)N
5702119,C[C@H]1[C@@](C([C@@H](O1)O[C@@H]2[C@H]([C@@H]([C@H]([C@@H]([C@H]2O)O)N=C(N)N)O)N=C(N)N)O[C@H]3[C@H]([C@@H]([C@H]([C@@H](O3)CO)O)O)NC)(C=O)O.OS(=O)(=O)O
5702060,CC([C@@H]1CC[C@H]([C@H](O1)OC2[C@H](C[C@H]([C@@H]([C@H]2O)OC3[C@@H]([C@H]([C@@](CO3)(C)O)NC)O)N)N)N)NC
5702142,C[C@@H]1C[C@@H]([C@H](C(O1)O[C@H]2[C@H](C[C@]3(CO3)C(=O)[C@@H]([C@H]([C@H]([C@H](OC(=O)[C@@H]([C@H]([C@@H]2C)O[C@H]4C[C@@H]([C@H]([C@@H](O4)C)O)OC)C)C)C)O)C)C)O)N(C)C
5702011,CN1C2CCC1CC(C2)OC(C3=CC=CC=C3)C4=CC=CC=C4.OS(=O)(=O)O
5702052,CC12CC[C@H]3C([C@@H]1CCC2=O)CCC4=C3C=CC(=C4)O
5702111,COC1=CC2=C(C=CN=C2C=C1)[C@H]([C@H]3C[C@@H]4CCN3C[C@@H]4C=C)O.OS(=O)(=O)O
5702131,C[C@H]1[C@H]([C@@](C[C@@H](O1)O[C@@H]2[C@H]([C@@H](C(O[C@H]2OC3=C4C=C5C=C3OC6=C(C=C(C=C6)[C@H](C(C(=O)N[C@H](C(=O)N[C@H]5C(=O)NC7C(=O)C[C@@H]([C@@H](C8=CC(=C(O4)C=C8)Cl)O)C(=O)N[C@H](C9=C(C(=CC(=C9)O)O)C1=C(C=CC7=C1)O)C(=O)O)CC(=O)N)NC(=O)[C@@H](CC(C)C)NC)O)Cl)CO)O)O)(C)N)O
5701987,C[C@H]1C2C(CC3C2(CCC4C3CC=C5C4(CCC(C5)O)C)C)O[C@]16CCC(CN6)C
3989,C1=CC=C2C(=C1)C(=CN2)CC(C(=O)NC(CCCCN)C(=O)O)NC(=O)C(CCCCN)N
5702252,C/C/1=C\CCC2(C(O2)[C@@H]3[C@@H](CC1)C(=C)C(=O)O3)C
6708464,CC[C@]1(CC[C@@H](O1)[C@@]2(CCC3(O2)C[C@@H]([C@H]([C@H](O3)[C@H](C)[C@H]([C@H](C)C(=O)O)OC)C)O)C)C4[C@H](C[C@@H](O4)C5[C@H](C[C@H]([C@@](O5)(CC)O)C)C)C
5702157,CCC(C)C(=O)O[C@H]1[C@@H](C2C(CN3CC(CCC3[C@@]2(C)O)C)C4[C@@]1(C5[C@@H](C(C6[C@]7([C@]5(C4)O[C@@]6(C(CC7)OC(=O)C(C)(C(C)O)O)O)C)OC(=O)C)OC(=O)C)O)O
9601223,CO/N=C(\C1=CC=CO1)/C(=O)NC2C3N(C2=O)C(=C(CS3)COC(=O)N)C(=O)O
5702284,C1[C@H]([C@@H]([C@H]([C@@H]([C@H]1N)O[C@H]2[C@@H](C[C@@H]([C@H](O2)CO)O)N)O[C@H]3[C@@H]([C@@H]([C@H](O3)CO)O[C@@H]4[C@@H]([C@H]([C@@H]([C@@H](O4)CN)O[C@@H]5[C@H]([C@H]([C@@H]([C@H](O5)CO)O)O)O)O)N)O)O)N
5702078,CCC[C@@H]1C[C@H](N(C1)C)C(=O)N[C@H]([C@@H]2[C@@H]([C@@H]([C@H]([C@H](O2)SC)O)O)O)[C@H](C)O.Cl
6708472,C[C@H]1CC[C@@H](O[C@H]1[C@@H](C)C(=O)O)C[C@@H]2C[C@H]([C@H]([C@@]3(O2)[C@@H](C[C@@](O3)(C)[C@H]4CC[C@@](O4)(C)C5[C@H](C[C@@H](O5)C6[C@H](C[C@H]([C@@](O6)(CO)O)C)C)C)C)C)OC
5702182,CC[N+](C)(C)CC1=CC=C(C=C1)Br.CC1=CC=C(C=C1)S(=O)(=O)[O-]
5702257,CC[C@H]1[C@H]([C@@H]([C@@H](C(O1)OC(C2=CN=CN2)C(C(=O)NC(C)C(C(C)C(=O)NC(C(C)O)C(=O)NCCC3=NC(=CS3)C4=NC(=CS4)C(=O)NCCCCN=C(N)N)O)NC(=O)C5=C(C(=NC(=N5)C(CC(=O)N)NCC(C(=O)N)N)N)C)O[C@@H]6[C@H]([C@H]([C@@H]([C@H](O6)CO)O)OC(=O)N)O)C)C.OS(=O)(=O)O.OS(=O)(=O)O
5702046,C(CN(CC(=O)O)CC(=O)O)N(CC(=O)O)CC(=O)O.[Na+].[Na+].[Na+]
5702064,CN1[C@H]2CCC1CC(C2)OC(=O)C(C3=CC=CC=C3)O.Br
5702012,CC1CC2C3CCC4=CC(=O)C=CC4([C@]3(C(CC2([C@]1(C(=O)CO)O)C)O)F)C
5702196,CC(=O)OC(CC(=O)O)[N+](C)(C)C.[Cl-]
5702059,CC([C@@H]1CC[C@H]([C@H](O1)OC2[C@H](C[C@H]([C@@H]([C@H]2O)OC3[C@@H]([C@H]([C@@](CO3)(C)O)NC)O)N)N)N)NC.OS(=O)(=O)O
5702179,C[C@]12CC[C@](C[C@H]1C3=CC(=O)C4[C@]5(CC[C@@H](C(C5CC[C@]4([C@@]3(CC2)C)C)(C)C)OC(=O)CCC(=O)[O-])C)(C)C(=O)[O-].[Na+].[Na+]
5702115,C[C@@]1(CO[C@@H](C([C@H]1NC)O)O[C@H]2[C@@H](C[C@@H]([C@H]([C@@H]2O)O[C@@H]3[C@@H](CC=C(O3)CN)N)N)N)O.OS(=O)(=O)O
5702141,C[C@@H]1C[C@@H]([C@H](C(O1)O[C@H]2[C@H](C[C@]3(CO3)C(=O)[C@@H]([C@H]([C@H]([C@H](OC(=O)[C@@H]([C@H]([C@@H]2C)O[C@H]4C[C@@H]([C@H]([C@@H](O4)C)O)OC)C)C)C)O)C)C)O)N(C)C.OP(=O)(O)O
2542,CCCCCC1=CC(=C(C(=C1)O)C2CC(=CCC2C(=C)C)C)O
3097,COC1=CC=CC(=C1O)C(=O)C2=CC=CC=C2O
5702089,C=CCN1CC[C@]23C4C(=O)CC[C@]2([C@H]1CC5=C3C(=C(C=C5)O)O4)O.Cl
5702013,CCCCC(=O)OC1(C(CC2C1(C[C@@H]([C@]3(C2CCC4=CC(=O)C=CC43C)F)O)C)C)C(=O)CO
5702083,C[N+]1(C2CC(CC1C3C2O3)OC(=O)[C@@H](CO)C4=CC=CC=C4)C.[Br-]
23682227,C[C@H]1CC[C@@H](O[C@H]1[C@@H](C)C(=O)[O-])C[C@@H]2C[C@H]([C@H]([C@@]3(O2)[C@@H](C[C@@](O3)(C)[C@H]4CC[C@@](O4)(C)C5[C@H](C[C@@H](O5)C6[C@H](C[C@H]([C@@](O6)(CO)O)C)C)C)C)C)OC.[Na+]
19728,CN1CCC2=CC3=C(C(=C2[C@@H]1C4C5=C(C(=C(C=C5)OC)OC)C(=O)O4)OC)OCO3
5702279,C1[C@H]([C@@H](C([C@@H]([C@H]1N)O[C@@H]2[C@@H]([C@H]([C@@H]([C@H](O2)CN)O)O)N)O[C@H]3[C@@H]([C@@H]([C@H](O3)CO)O)O)O)N.OS(=O)(=O)O
5702075,CC(COC1=CC=CC=C1)NC(C)[C@@H](C2=CC=C(C=C2)O)O.Cl
23682218,CCOC1=C(C2=CC=CC=C2C=C1)NC(=O)[C@H]3[C@@H]4N(C3=O)C(C(S4)(C)C)C(=O)[O-].[Na+]
23682219,CC(=O)OCC1=C(N2C([C@@H](C2=O)NC(=O)CCCC(C(=O)O)N)SC1)C(=O)[O-].[Na+]
5702091,C1[C@H]([C@@H]([C@H]([C@@H]([C@H]1N)OC2[C@@H]([C@H]([C@@H]([C@H](O2)CN)O)O)N)OC3[C@@H]([C@@H]([C@H](O3)CO)O[C@@H]4[C@@H]([C@H]([C@@H]([C@@H](O4)CN)O)O)N)O)O)N.OS(=O)(=O)O
5702143,CN1CCC2=CC=CC=C2[C@H]1[C@H]3C4=C(C(=C(C=C4)OC)OC)C(=O)O3
5701991,CN1[C@H]2CC(CC1C(C2)O)OC(=O)[C@H](CO)C3=CC=CC=C3
6398669,C[C@@H]1[C@H]([C@H](C(O1)N2C=NC3=C(N=CN=C32)N)O)O
5702218,CCOC(=O)OC(C)OC(=O)C1C(SC2N1C(=O)C2NC(=O)[C@@H](C3=CC=CC=C3)N)(C)C.Cl
5702204,CC(=O)O.C1=CC=C2C(=C1)C(=CN2)CC(C(=O)NC(CCCCN)C(=O)O)NC(=O)C(CCCCN)N
5702168,C1CC(C1)CN2CC[C@]34C5[C@H](CC[C@]3([C@H]2CC6=C4C(=C(C=C6)O)O5)O)O.Cl
235462,CN1C(CCCC1CC(=O)C2=CC=CC=C2)CC(C3=CC=CC=C3)O.OS(=O)(=O)O
5702054,CC(=O)OCC(=O)[C@]1(CC[C@@H]2C1(C[C@@H]([C@]3(C2CCC4=CC(=O)CCC43C)F)O)C)O
5702045,C[C@H]\1CC[C@@H](C/C1=C\C=C\2/CCC[C@]3([C@H]2CCC3[C@H](C)/C=C/[C@H](C)C(C)C)C)O
5702259,C[C@@H]1CC(=O)[C@]2([C@@H](O1)OC3[C@H]([C@@H]([C@@H]([C@@H]([C@H]3O2)NC)O)NC)O)O.Cl.Cl
5702269,C[C@H]1C[C@@H]([C@@H]([C@H](/C=C(/[C@H]([C@@H](/C=C\C=C(\C(=O)NC2=CC(=O)C(=C(C1)C2=O)OC)/C)OC)OC(=O)N)\C)C)O)OC
6398678,CN1C(=NC(=O)C(=O)N1)SCC2=C(N3[C@@H](C(C3=O)NC(=O)/C(=N\OC)/C4=CSC(=N4)N)SC2)C(=O)O
5702057,CC(=O)OCC(=O)[C@@]12[C@@H](C[C@@H]3[C@@]1(C[C@@H]([C@]4(C3C[C@@H](C5=CC(=O)C=CC54C)F)F)O)C)OC(O2)(C)C
5702118,C1CCN2CC3C[C@H]([C@@H]2C1)CN4[C@@H]3CCCC4
5702097,CN1CCC2=CC3=C(C(=C2[C@@H]1C4C5=C(C(=C(C=C5)OC)OC)C(=O)O4)OC)OCO3.Cl
5702025,CCC[C@@H]1C[C@H](N(C1)C)C(=O)NC(C2[C@@H]([C@@H]([C@H]([C@H](O2)SC)O)O)O)C(C)Cl.Cl
5702212,CC1(O[C@@H]2[C@H]([C@H](OC2O1)C(CO)O)OCCCN(C)C)C.Cl
5702039,CN1CC[C@@]23CCCC[C@H]2[C@@H]1CC4=C3C=C(C=C4)OC.Br
5702053,CC1C(CCC(N1C)(C)C)OC(=O)C(C2=CC=CC=C2)O.Cl
5702056,C[C@]12C[C@@H]([C@]3(C([C@@H]1C[C@@H]4[C@]2(OC(O4)(C)C)C(=O)CO)C[C@@H](C5=CC(=O)C=CC53C)F)F)O
6602452,CC(=O)C1CCC2[C@@]1(CCC3C2CC=C4[C@@]3(CCC(C4)OS(=O)(=O)O)C)C
5702117,C1CCN2CC3C[C@H]([C@@H]2C1)CN4[C@@H]3CCCC4.OS(=O)(=O)O
441364,CC(C)(C)C(C)([C@H]1C[C@@]23CCC1([C@H]4[C@@]25CCN([C@@H]3CC6=C5C(=C(C=C6)O)O4)CC7CC7)OC)O.Cl
5702171,CC(CC(C1=CC=C(C=C1)O)O)NCC2=CC=C(C=C2)O.Cl
5702130,C[C@H]1[C@H]([C@@](C[C@@H](O1)O[C@@H]2[C@H]([C@@H](C(O[C@H]2OC3=C4C=C5C=C3OC6=C(C=C(C=C6)[C@H](C(C(=O)N[C@H](C(=O)N[C@H]5C(=O)NC7C(=O)C[C@@H]([C@@H](C8=CC(=C(O4)C=C8)Cl)O)C(=O)N[C@H](C9=C(C(=CC(=C9)O)O)C1=C(C=CC7=C1)O)C(=O)O)CC(=O)N)NC(=O)[C@@H](CC(C)C)NC)O)Cl)CO)O)O)(C)N)O.Cl
5702006,C1[C@@H]([C@H]([C@@H]([C@H]([C@@H]1NC(=O)[C@@H](CCN)O)O[C@@H]2C([C@H]([C@@H]([C@H](O2)CO)O)N)O)O)O[C@@H]3[C@@H]([C@H]([C@@H]([C@H](O3)CN)O)O)O)N.OS(=O)(=O)O.OS(=O)(=O)O
5702290,CN1CC[C@]23[C@@H]4C(=O)CCC2[C@H]1CC5=C3C(=C(C=C5)O)O4
6913998,CC1=CC2=C(C=C1C)N(C=N2)C3[C@@H]([C@@H]([C@H](O3)CO)OP(=O)(O)OC(C)CNC(=O)CCC4(C(C5C6(C(C(C(=N6)/C(=C\7/C(C(C(=CC8=NC(=C(C4=N5)C)C(C8(C)C)CCC(=O)C)N7)CCC(=O)N)(C)CC(=O)N)/C)CCC(=O)N)(C)CC(=O)N)C)CC(=O)N)C)O
6327771,C1C=CC=[N+](C1=S)O
5321,C1=CC(=CC=C1N)S(=O)(=O)NC2=CC(=NN=C2)Cl
441363,CC(C)(C)C(C)([C@H]1C[C@@]23CCC1([C@H]4[C@@]25CCN([C@@H]3CC6=C5C(=C(C=C6)O)O4)CC7CC7)OC)O
5702291,CN1CC[C@]23[C@@H]4[C@@H](C=CC2[C@H]1CC5=C3C(=C(C=C5)O)O4)O.OS(=O)(=O)O
5702289,CN1CC[C@]23[C@@H]4C(=O)CCC2[C@H]1CC5=C3C(=C(C=C5)O)O4.Cl
5702005,CCN(CCCC1=CC=CC=C1)CCCC2=CC=CC=C2.CC(CC(=O)O)(CC(=O)O)C(=O)O
5701994,CC[C@@H]1[C@H](COC1=O)CC2=CC=CN2C.[N+](=O)(O)[O-]
5702029,CN1[C@@H](CCC1=O)C2=CN=CC=C2.C(=C/C(=O)O)\C(=O)O
5702149,C1[C@@H]([C@H]([C@@H]([C@H]([C@@H]1NC(=O)C(CCN)O)O)OC2[C@@H]([C@H]([C@H](O2)CO)O)O)O[C@@H]3[C@@H]([C@H]([C@@H]([C@H](O3)CN)O)O)N)N.OS(=O)(=O)O.OS(=O)(=O)O
5702154,CC1=CC2=C(C=C1C)N(C=N2)C3[C@@H]([C@@H]([C@H](O3)CO)OP(=O)(O)OC(C)CNC(=O)CCC\4(C(C5C6(C(C(C(=N6)/C(=C\7/C(C(C(=N7)/C=C\8/C(C(C(=N8)/C(=C4\[N-]5)/C)CCC(=O)C)(C)C)CCC(=O)N)(C)CC(=O)N)/C)CCC(=O)N)(C)CC(=O)N)C)CC(=O)N)C)O.[CH2-][C@@H]1[C@H]([C@H](C(O1)N2C=NC3=C(N=CN=C32)N)O)O.[Co+2]
5702229,C1[C@@H]([C@H]([C@@H]([C@@H]([C@H]1O)N)O[C@H]2[C@@H](C([C@H](O2)CO)O[C@@H]3[C@@H]([C@H]([C@@H]([C@@H](O3)CN)O)O)N)O)O[C@@H]4[C@@H]([C@H]([C@@H]([C@H](O4)CO)O)O)N)N.OS(=O)(=O)O
5702261,C1[C@H]([C@@H]([C@H]([C@@H]([C@H]1N)OC2[C@@H]([C@H]([C@@H]([C@H](O2)CO)O)O)N)OC3[C@@H]([C@@H]([C@H](O3)CO)O[C@@H]4[C@@H]([C@H]([C@@H]([C@@H](O4)CN)O)O)N)O)O)N.OS(=O)(=O)O
23702519,CC(C(=O)NC1[C@@H]2N(C1=O)C(C(S2)(C)C)C(=O)[O-])OC3=CC=CC=C3.[K+]
5702023,COC1=CC=C(C=C1)/C(=C(\C2=CC=C(C=C2)OC)/Cl)/C3=CC(=CC=C3)OC
5702070,CC12CCC(=O)C=C1CCC3C2[C@H](CC4(C3CC[C@@]4(C(=O)COP(=O)([O-])[O-])O)C)O.[Na+].[Na+]
5702082,CC(C[N+](C)(C)C)C(=O)OC.[Cl-]
5702283,C1[C@H]([C@@H]([C@H]([C@@H]([C@H]1N)O[C@H]2[C@@H](C[C@@H]([C@H](O2)CO)O)N)O[C@H]3[C@@H]([C@@H]([C@H](O3)CO)O[C@@H]4[C@@H]([C@H]([C@@H]([C@@H](O4)CN)O[C@@H]5[C@H]([C@H]([C@@H]([C@H](O5)CO)O)O)O)O)N)O)O)N.OS(=O)(=O)O
23689388,CC(=O)C1CCC2[C@@]1(CCC3C2CC=C4[C@@]3(CCC(C4)OS(=O)(=O)[O-])C)C.[Na+]
6398680,CC(C(=O)NC1[C@@H]2N(C1=O)C(C(S2)(C)C)C(=O)O)OC3=CC=CC=C3
5075,CC(CC(C1=CC=C(C=C1)O)O)NCC2=CC=C(C=C2)O
5702150,C1[C@@H]([C@H]([C@@H]([C@H]([C@@H]1NC(=O)C(CCN)O)O)OC2[C@@H]([C@H]([C@H](O2)CO)O)O)O[C@@H]3[C@@H]([C@H]([C@@H]([C@H](O3)CN)O)O)N)N
5702260,C[C@@H]1CC(=O)[C@]2([C@@H](O1)OC3[C@H]([C@@H]([C@@H]([C@@H]([C@H]3O2)NC)O)NC)O)O
5702292,CN1CC[C@]23[C@@H]4[C@@H](C=CC2[C@H]1CC5=C3C(=C(C=C5)O)O4)O
5701995,CC[C@@H]1[C@H](COC1=O)CC2=CC=CN2C
5702230,C1[C@@H]([C@H]([C@@H]([C@@H]([C@H]1O)N)O[C@H]2[C@@H](C([C@H](O2)CO)O[C@@H]3[C@@H]([C@H]([C@@H]([C@@H](O3)CN)O)O)N)O)O[C@@H]4[C@@H]([C@H]([C@@H]([C@H](O4)CO)O)O)N)N
5702262,C1[C@H]([C@@H]([C@H]([C@@H]([C@H]1N)OC2[C@@H]([C@H]([C@@H]([C@H](O2)CO)O)O)N)OC3[C@@H]([C@@H]([C@H](O3)CO)O[C@@H]4[C@@H]([C@H]([C@@H]([C@@H](O4)CN)O)O)N)O)O)N
